case_id,model,status,service_mode,fallback_used,requested_domain_type,effective_domain_type,domain_adaptation,material,medium_id,temperature_c,pressure_mpa,time_ms,frequency_hz,source_x,source_y,source_z,probe_x,probe_y,probe_z,direction_x,direction_y,direction_z,azimuth_deg,elevation_deg,magnitude,travel_time_ms_pred,max_displacement,max_temperature_perturbation,wave_type,model_version,error_code,error_message,http_status,medium_id_material,name,category,rho_kg_m3,Vp_m_s,Vs_m_s,E_Pa,K_Pa,mu_Pa,k_W_mK,Cp_J_kgK,alpha_1_K,porosity_percent,E_GPa,K_GPa,mu_GPa,alpha_1e6_K,input_azimuth_deg
case_001_basalt,pinn,ok,checkpoint,False,rect_2d,rect_2d,none,basalt,basalt,60.0,5.0,4.0,25.0,0.12,0.34,0.0,0.68,0.52,0.0,0.977465,0.211097,0.0,12.187,0.0,0.035051,0.092988,1.2009e-05,0.052487,physics_informed,pinn-baseline@best_model.pth,,,200,basalt,Basalt,igneous,2950.0,6400.0,3600.0,97000045714.28572,69856000000.0,38232000000.0,1.8,840.0,8e-06,17.0,97.00004571428572,69.856,38.232,8.0,12.186648412622535
case_001_basalt,mgn,ok,fallback,True,rect_2d,rect_2d,none,basalt,basalt,60.0,5.0,4.0,25.0,0.12,0.34,0.0,0.68,0.52,0.0,0.952029,0.306009,0.0,17.8189,0.0,1.0,1.51909,0.00142,0.92857143,dominant_p,mgn-service-fallback-v1,,,200,basalt,Basalt,igneous,2950.0,6400.0,3600.0,97000045714.28572,69856000000.0,38232000000.0,1.8,840.0,8e-06,17.0,97.00004571428572,69.856,38.232,8.0,17.818871381494606
case_001_basalt,fno,ok,checkpoint,False,rect_2d,rect_2d,none,basalt,basalt,60.0,5.0,4.0,25.0,0.12,0.34,0.0,0.68,0.52,0.0,-0.712784,-0.701383,0.0,-135.4619,0.0,1.0,1.11909,12888267.0,31016538341376.0,fno_checkpoint_inference,fno-baseline@best_model.pth,,,200,basalt,Basalt,igneous,2950.0,6400.0,3600.0,97000045714.28572,69856000000.0,38232000000.0,1.8,840.0,8e-06,17.0,97.00004571428572,69.856,38.232,8.0,-135.46190798570618
case_001_basalt,transformer,ok,checkpoint,False,rect_2d,rect_2d,none,basalt,basalt,60.0,5.0,4.0,25.0,0.12,0.34,0.0,0.68,0.52,0.0,0.960226,0.279224,0.0,16.214,0.0,1.0,0.117644,0.001585117,364.524689,tokenset,oformer-baseline@best_model.pth,,,200,basalt,Basalt,igneous,2950.0,6400.0,3600.0,97000045714.28572,69856000000.0,38232000000.0,1.8,840.0,8e-06,17.0,97.00004571428572,69.856,38.232,8.0,16.213895962743265
case_002_basalt,pinn,ok,checkpoint,False,rect_2d,rect_2d,none,basalt,basalt,20.0,60.0,4.0,25.0,0.12,0.34,0.0,0.68,0.52,0.0,0.977465,0.211097,0.0,12.187,0.0,0.035079,0.091837,1.2203e-05,0.0175,physics_informed,pinn-baseline@best_model.pth,,,200,basalt,Basalt,igneous,2950.0,6400.0,3600.0,97000045714.28572,69856000000.0,38232000000.0,1.8,840.0,8e-06,17.0,97.00004571428572,69.856,38.232,8.0,12.186648412622535
case_002_basalt,mgn,ok,fallback,True,rect_2d,rect_2d,none,basalt,basalt,20.0,60.0,4.0,25.0,0.12,0.34,0.0,0.68,0.52,0.0,0.952029,0.306009,0.0,17.8189,0.0,1.0,1.51909,0.00150667,0.64285714,dominant_p,mgn-service-fallback-v1,,,200,basalt,Basalt,igneous,2950.0,6400.0,3600.0,97000045714.28572,69856000000.0,38232000000.0,1.8,840.0,8e-06,17.0,97.00004571428572,69.856,38.232,8.0,17.818871381494606
case_002_basalt,fno,ok,checkpoint,False,rect_2d,rect_2d,none,basalt,basalt,20.0,60.0,4.0,25.0,0.12,0.34,0.0,0.68,0.52,0.0,-0.712784,-0.701384,0.0,-135.4619,0.0,1.0,1.11909,12888207.0,31016433483776.0,fno_checkpoint_inference,fno-baseline@best_model.pth,,,200,basalt,Basalt,igneous,2950.0,6400.0,3600.0,97000045714.28572,69856000000.0,38232000000.0,1.8,840.0,8e-06,17.0,97.00004571428572,69.856,38.232,8.0,-135.46186714618494
case_002_basalt,transformer,ok,checkpoint,False,rect_2d,rect_2d,none,basalt,basalt,20.0,60.0,4.0,25.0,0.12,0.34,0.0,0.68,0.52,0.0,0.960038,0.27987,0.0,16.252,0.0,1.0,0.117644,0.001585117,364.524811,tokenset,oformer-baseline@best_model.pth,,,200,basalt,Basalt,igneous,2950.0,6400.0,3600.0,97000045714.28572,69856000000.0,38232000000.0,1.8,840.0,8e-06,17.0,97.00004571428572,69.856,38.232,8.0,16.252444568602968
case_003_basalt,pinn,ok,checkpoint,False,rect_2d,rect_2d,none,basalt,basalt,120.0,25.0,12.0,75.0,0.12,0.34,0.0,0.68,0.52,0.0,0.977465,0.211097,0.0,12.187,0.0,0.035068,0.093981,1.3447e-05,0.104967,physics_informed,pinn-baseline@best_model.pth,,,200,basalt,Basalt,igneous,2950.0,6400.0,3600.0,97000045714.28572,69856000000.0,38232000000.0,1.8,840.0,8e-06,17.0,97.00004571428572,69.856,38.232,8.0,12.186648412622535
case_003_basalt,mgn,ok,fallback,True,rect_2d,rect_2d,none,basalt,basalt,120.0,25.0,12.0,75.0,0.12,0.34,0.0,0.68,0.52,0.0,0.952029,0.306009,0.0,17.8189,0.0,1.0,2.71909,0.0017,1.35714286,dominant_p,mgn-service-fallback-v1,,,200,basalt,Basalt,igneous,2950.0,6400.0,3600.0,97000045714.28572,69856000000.0,38232000000.0,1.8,840.0,8e-06,17.0,97.00004571428572,69.856,38.232,8.0,17.818871381494606
case_003_basalt,fno,ok,checkpoint,False,rect_2d,rect_2d,none,basalt,basalt,120.0,25.0,12.0,75.0,0.12,0.34,0.0,0.68,0.52,0.0,-0.712785,-0.701383,0.0,-135.462,0.0,1.0,1.51909,12888335.0,31016718696448.0,fno_checkpoint_inference,fno-baseline@best_model.pth,,,200,basalt,Basalt,igneous,2950.0,6400.0,3600.0,97000045714.28572,69856000000.0,38232000000.0,1.8,840.0,8e-06,17.0,97.00004571428572,69.856,38.232,8.0,-135.4619481719977
case_003_basalt,transformer,ok,checkpoint,False,rect_2d,rect_2d,none,basalt,basalt,120.0,25.0,12.0,75.0,0.12,0.34,0.0,0.68,0.52,0.0,0.96052,0.278211,0.0,16.153,0.0,1.0,0.117644,0.001585117,364.524139,tokenset,oformer-baseline@best_model.pth,,,200,basalt,Basalt,igneous,2950.0,6400.0,3600.0,97000045714.28572,69856000000.0,38232000000.0,1.8,840.0,8e-06,17.0,97.00004571428572,69.856,38.232,8.0,16.153460319147992
case_004_basalt,pinn,ok,checkpoint,False,rect_2d,rect_2d,none,basalt,basalt,60.0,5.0,16.0,25.0,0.18,0.42,0.0,0.74,0.6,0.0,0.961306,0.275482,0.0,15.991,0.0,0.035173,0.092988,1.4872e-05,0.065607,physics_informed,pinn-baseline@best_model.pth,,,200,basalt,Basalt,igneous,2950.0,6400.0,3600.0,97000045714.28572,69856000000.0,38232000000.0,1.8,840.0,8e-06,17.0,97.00004571428572,69.856,38.232,8.0,15.99074389621557
case_004_basalt,mgn,ok,fallback,True,rect_2d,rect_2d,none,basalt,basalt,60.0,5.0,16.0,25.0,0.18,0.42,0.0,0.74,0.6,0.0,0.952029,0.306009,0.0,17.8189,0.0,1.0,3.31909,0.00142,0.92857143,dominant_p,mgn-service-fallback-v1,,,200,basalt,Basalt,igneous,2950.0,6400.0,3600.0,97000045714.28572,69856000000.0,38232000000.0,1.8,840.0,8e-06,17.0,97.00004571428572,69.856,38.232,8.0,17.818871381494606
case_004_basalt,fno,ok,checkpoint,False,rect_2d,rect_2d,none,basalt,basalt,60.0,5.0,16.0,25.0,0.18,0.42,0.0,0.74,0.6,0.0,-0.712784,-0.701383,0.0,-135.4619,0.0,1.0,1.71909,12888254.0,31016540438528.0,fno_checkpoint_inference,fno-baseline@best_model.pth,,,200,basalt,Basalt,igneous,2950.0,6400.0,3600.0,97000045714.28572,69856000000.0,38232000000.0,1.8,840.0,8e-06,17.0,97.00004571428572,69.856,38.232,8.0,-135.46190798570618
case_004_basalt,transformer,ok,checkpoint,False,rect_2d,rect_2d,none,basalt,basalt,60.0,5.0,16.0,25.0,0.18,0.42,0.0,0.74,0.6,0.0,0.942523,0.334141,0.0,19.52,0.0,1.0,0.117644,0.001585117,364.524689,tokenset,oformer-baseline@best_model.pth,,,200,basalt,Basalt,igneous,2950.0,6400.0,3600.0,97000045714.28572,69856000000.0,38232000000.0,1.8,840.0,8e-06,17.0,97.00004571428572,69.856,38.232,8.0,19.520312965564376
case_005_basalt,pinn,ok,checkpoint,False,rect_2d,rect_2d,none,basalt,basalt,180.0,60.0,12.0,75.0,0.12,0.34,0.0,0.68,0.52,0.0,0.977465,0.211097,0.0,12.187,0.0,0.035111,0.094886,1.375e-05,0.157447,physics_informed,pinn-baseline@best_model.pth,,,200,basalt,Basalt,igneous,2950.0,6400.0,3600.0,97000045714.28572,69856000000.0,38232000000.0,1.8,840.0,8e-06,17.0,97.00004571428572,69.856,38.232,8.0,12.186648412622535
case_005_basalt,mgn,ok,fallback,True,rect_2d,rect_2d,none,basalt,basalt,180.0,60.0,12.0,75.0,0.12,0.34,0.0,0.68,0.52,0.0,0.952029,0.306009,0.0,17.8189,0.0,1.0,2.71909,0.00204,1.78571429,dominant_p,mgn-service-fallback-v1,,,200,basalt,Basalt,igneous,2950.0,6400.0,3600.0,97000045714.28572,69856000000.0,38232000000.0,1.8,840.0,8e-06,17.0,97.00004571428572,69.856,38.232,8.0,17.818871381494606
case_005_basalt,fno,ok,checkpoint,False,rect_2d,rect_2d,none,basalt,basalt,180.0,60.0,12.0,75.0,0.12,0.34,0.0,0.68,0.52,0.0,-0.712783,-0.701384,0.0,-135.4618,0.0,1.0,1.51909,12888414.0,31016882274304.0,fno_checkpoint_inference,fno-baseline@best_model.pth,,,200,basalt,Basalt,igneous,2950.0,6400.0,3600.0,97000045714.28572,69856000000.0,38232000000.0,1.8,840.0,8e-06,17.0,97.00004571428572,69.856,38.232,8.0,-135.46182695983524
case_005_basalt,transformer,ok,checkpoint,False,rect_2d,rect_2d,none,basalt,basalt,180.0,60.0,12.0,75.0,0.12,0.34,0.0,0.68,0.52,0.0,0.960827,0.277148,0.0,16.09,0.0,1.0,0.117644,0.001585117,371.480377,tokenset,oformer-baseline@best_model.pth,,,200,basalt,Basalt,igneous,2950.0,6400.0,3600.0,97000045714.28572,69856000000.0,38232000000.0,1.8,840.0,8e-06,17.0,97.00004571428572,69.856,38.232,8.0,16.090065747604243
case_006_basalt,pinn,ok,checkpoint,False,rect_2d,rect_2d,none,basalt,basalt,180.0,25.0,16.0,25.0,0.18,0.42,0.0,0.74,0.6,0.0,0.961306,0.275482,0.0,15.991,0.0,0.035228,0.095151,1.5247e-05,0.196807,physics_informed,pinn-baseline@best_model.pth,,,200,basalt,Basalt,igneous,2950.0,6400.0,3600.0,97000045714.28572,69856000000.0,38232000000.0,1.8,840.0,8e-06,17.0,97.00004571428572,69.856,38.232,8.0,15.99074389621557
case_006_basalt,mgn,ok,fallback,True,rect_2d,rect_2d,none,basalt,basalt,180.0,25.0,16.0,25.0,0.18,0.42,0.0,0.74,0.6,0.0,0.952029,0.306009,0.0,17.8189,0.0,1.0,3.31909,0.0019,1.78571429,dominant_p,mgn-service-fallback-v1,,,200,basalt,Basalt,igneous,2950.0,6400.0,3600.0,97000045714.28572,69856000000.0,38232000000.0,1.8,840.0,8e-06,17.0,97.00004571428572,69.856,38.232,8.0,17.818871381494606
case_006_basalt,fno,ok,checkpoint,False,rect_2d,rect_2d,none,basalt,basalt,180.0,25.0,16.0,25.0,0.18,0.42,0.0,0.74,0.6,0.0,-0.712785,-0.701383,0.0,-135.4619,0.0,1.0,1.71909,12888414.0,31016882274304.0,fno_checkpoint_inference,fno-baseline@best_model.pth,,,200,basalt,Basalt,igneous,2950.0,6400.0,3600.0,97000045714.28572,69856000000.0,38232000000.0,1.8,840.0,8e-06,17.0,97.00004571428572,69.856,38.232,8.0,-135.4619481719977
case_006_basalt,transformer,ok,checkpoint,False,rect_2d,rect_2d,none,basalt,basalt,180.0,25.0,16.0,25.0,0.18,0.42,0.0,0.74,0.6,0.0,0.943189,0.332257,0.0,19.406,0.0,1.0,0.117644,0.001585117,371.480377,tokenset,oformer-baseline@best_model.pth,,,200,basalt,Basalt,igneous,2950.0,6400.0,3600.0,97000045714.28572,69856000000.0,38232000000.0,1.8,840.0,8e-06,17.0,97.00004571428572,69.856,38.232,8.0,19.405821528009376
case_007_basalt,pinn,ok,checkpoint,False,rect_2d,rect_2d,none,basalt,basalt,60.0,25.0,4.0,50.0,0.18,0.42,0.0,0.74,0.6,0.0,0.961306,0.275482,0.0,15.991,0.0,0.03562,0.09284,1.595e-05,0.065607,physics_informed,pinn-baseline@best_model.pth,,,200,basalt,Basalt,igneous,2950.0,6400.0,3600.0,97000045714.28572,69856000000.0,38232000000.0,1.8,840.0,8e-06,17.0,97.00004571428572,69.856,38.232,8.0,15.99074389621557
case_007_basalt,mgn,ok,fallback,True,rect_2d,rect_2d,none,basalt,basalt,60.0,25.0,4.0,50.0,0.18,0.42,0.0,0.74,0.6,0.0,0.952029,0.306009,0.0,17.8189,0.0,1.0,1.51909,0.0015,0.92857143,dominant_p,mgn-service-fallback-v1,,,200,basalt,Basalt,igneous,2950.0,6400.0,3600.0,97000045714.28572,69856000000.0,38232000000.0,1.8,840.0,8e-06,17.0,97.00004571428572,69.856,38.232,8.0,17.818871381494606
case_007_basalt,fno,ok,checkpoint,False,rect_2d,rect_2d,none,basalt,basalt,60.0,25.0,4.0,50.0,0.18,0.42,0.0,0.74,0.6,0.0,-0.712784,-0.701384,0.0,-135.4619,0.0,1.0,1.11909,12888254.0,31016542535680.0,fno_checkpoint_inference,fno-baseline@best_model.pth,,,200,basalt,Basalt,igneous,2950.0,6400.0,3600.0,97000045714.28572,69856000000.0,38232000000.0,1.8,840.0,8e-06,17.0,97.00004571428572,69.856,38.232,8.0,-135.46186714618494
case_007_basalt,transformer,ok,checkpoint,False,rect_2d,rect_2d,none,basalt,basalt,60.0,25.0,4.0,50.0,0.18,0.42,0.0,0.74,0.6,0.0,0.942523,0.334141,0.0,19.52,0.0,1.0,0.117644,0.001585117,364.524689,tokenset,oformer-baseline@best_model.pth,,,200,basalt,Basalt,igneous,2950.0,6400.0,3600.0,97000045714.28572,69856000000.0,38232000000.0,1.8,840.0,8e-06,17.0,97.00004571428572,69.856,38.232,8.0,19.520312965564376
case_008_basalt,pinn,ok,checkpoint,False,rect_2d,rect_2d,none,basalt,basalt,180.0,5.0,4.0,75.0,0.24,0.58,0.0,0.58,0.66,0.0,0.999283,0.037856,0.0,2.17,0.0,0.036943,0.056591,2.5104e-05,0.291934,physics_informed,pinn-baseline@best_model.pth,,,200,basalt,Basalt,igneous,2950.0,6400.0,3600.0,97000045714.28572,69856000000.0,38232000000.0,1.8,840.0,8e-06,17.0,97.00004571428572,69.856,38.232,8.0,2.1695078623041417
case_008_basalt,mgn,ok,fallback,True,rect_2d,rect_2d,none,basalt,basalt,180.0,5.0,4.0,75.0,0.24,0.58,0.0,0.58,0.66,0.0,0.973417,0.229039,0.0,13.2405,0.0,1.0,1.145758,0.00182,1.78571429,dominant_p,mgn-service-fallback-v1,,,200,basalt,Basalt,igneous,2950.0,6400.0,3600.0,97000045714.28572,69856000000.0,38232000000.0,1.8,840.0,8e-06,17.0,97.00004571428572,69.856,38.232,8.0,13.240503511449306
case_008_basalt,fno,ok,checkpoint,False,rect_2d,rect_2d,none,basalt,basalt,180.0,5.0,4.0,75.0,0.24,0.58,0.0,0.58,0.66,0.0,-0.712783,-0.701384,0.0,-135.4618,0.0,1.0,0.745758,12888414.0,31016884371456.0,fno_checkpoint_inference,fno-baseline@best_model.pth,,,200,basalt,Basalt,igneous,2950.0,6400.0,3600.0,97000045714.28572,69856000000.0,38232000000.0,1.8,840.0,8e-06,17.0,97.00004571428572,69.856,38.232,8.0,-135.46182695983524
case_008_basalt,transformer,ok,checkpoint,False,rect_2d,rect_2d,none,basalt,basalt,180.0,5.0,4.0,75.0,0.24,0.58,0.0,0.58,0.66,0.0,0.994373,0.105936,0.0,6.081,0.0,1.0,0.069857,0.001585117,371.480377,tokenset,oformer-baseline@best_model.pth,,,200,basalt,Basalt,igneous,2950.0,6400.0,3600.0,97000045714.28572,69856000000.0,38232000000.0,1.8,840.0,8e-06,17.0,97.00004571428572,69.856,38.232,8.0,6.0810958908544555
case_009_basalt,pinn,ok,checkpoint,False,rect_2d,rect_2d,none,basalt,basalt,20.0,60.0,8.0,50.0,0.12,0.34,0.0,0.68,0.52,0.0,0.977465,0.211097,0.0,12.187,0.0,0.035077,0.091837,1.2825e-05,0.0175,physics_informed,pinn-baseline@best_model.pth,,,200,basalt,Basalt,igneous,2950.0,6400.0,3600.0,97000045714.28572,69856000000.0,38232000000.0,1.8,840.0,8e-06,17.0,97.00004571428572,69.856,38.232,8.0,12.186648412622535
case_009_basalt,mgn,ok,fallback,True,rect_2d,rect_2d,none,basalt,basalt,20.0,60.0,8.0,50.0,0.12,0.34,0.0,0.68,0.52,0.0,0.952029,0.306009,0.0,17.8189,0.0,1.0,2.11909,0.00150667,0.64285714,dominant_p,mgn-service-fallback-v1,,,200,basalt,Basalt,igneous,2950.0,6400.0,3600.0,97000045714.28572,69856000000.0,38232000000.0,1.8,840.0,8e-06,17.0,97.00004571428572,69.856,38.232,8.0,17.818871381494606
case_009_basalt,fno,ok,checkpoint,False,rect_2d,rect_2d,none,basalt,basalt,20.0,60.0,8.0,50.0,0.12,0.34,0.0,0.68,0.52,0.0,-0.712784,-0.701384,0.0,-135.4619,0.0,1.0,1.31909,12888207.0,31016433483776.0,fno_checkpoint_inference,fno-baseline@best_model.pth,,,200,basalt,Basalt,igneous,2950.0,6400.0,3600.0,97000045714.28572,69856000000.0,38232000000.0,1.8,840.0,8e-06,17.0,97.00004571428572,69.856,38.232,8.0,-135.46186714618494
case_009_basalt,transformer,ok,checkpoint,False,rect_2d,rect_2d,none,basalt,basalt,20.0,60.0,8.0,50.0,0.12,0.34,0.0,0.68,0.52,0.0,0.960038,0.27987,0.0,16.252,0.0,1.0,0.117644,0.001585117,364.524811,tokenset,oformer-baseline@best_model.pth,,,200,basalt,Basalt,igneous,2950.0,6400.0,3600.0,97000045714.28572,69856000000.0,38232000000.0,1.8,840.0,8e-06,17.0,97.00004571428572,69.856,38.232,8.0,16.252444568602968
case_010_basalt,pinn,ok,checkpoint,False,rect_2d,rect_2d,none,basalt,basalt,120.0,60.0,16.0,25.0,0.18,0.42,0.0,0.74,0.6,0.0,0.961306,0.275482,0.0,15.991,0.0,0.03524,0.093719,1.5328e-05,0.131207,physics_informed,pinn-baseline@best_model.pth,,,200,basalt,Basalt,igneous,2950.0,6400.0,3600.0,97000045714.28572,69856000000.0,38232000000.0,1.8,840.0,8e-06,17.0,97.00004571428572,69.856,38.232,8.0,15.99074389621557
case_010_basalt,mgn,ok,fallback,True,rect_2d,rect_2d,none,basalt,basalt,120.0,60.0,16.0,25.0,0.18,0.42,0.0,0.74,0.6,0.0,0.952029,0.306009,0.0,17.8189,0.0,1.0,3.31909,0.00184,1.35714286,dominant_p,mgn-service-fallback-v1,,,200,basalt,Basalt,igneous,2950.0,6400.0,3600.0,97000045714.28572,69856000000.0,38232000000.0,1.8,840.0,8e-06,17.0,97.00004571428572,69.856,38.232,8.0,17.818871381494606
case_010_basalt,fno,ok,checkpoint,False,rect_2d,rect_2d,none,basalt,basalt,120.0,60.0,16.0,25.0,0.18,0.42,0.0,0.74,0.6,0.0,-0.712784,-0.701383,0.0,-135.4619,0.0,1.0,1.71909,12888339.0,31016720793600.0,fno_checkpoint_inference,fno-baseline@best_model.pth,,,200,basalt,Basalt,igneous,2950.0,6400.0,3600.0,97000045714.28572,69856000000.0,38232000000.0,1.8,840.0,8e-06,17.0,97.00004571428572,69.856,38.232,8.0,-135.46190798570618
case_010_basalt,transformer,ok,checkpoint,False,rect_2d,rect_2d,none,basalt,basalt,120.0,60.0,16.0,25.0,0.18,0.42,0.0,0.74,0.6,0.0,0.942848,0.333223,0.0,19.465,0.0,1.0,0.117644,0.001585117,364.524139,tokenset,oformer-baseline@best_model.pth,,,200,basalt,Basalt,igneous,2950.0,6400.0,3600.0,97000045714.28572,69856000000.0,38232000000.0,1.8,840.0,8e-06,17.0,97.00004571428572,69.856,38.232,8.0,19.464516489215594
case_011_granite,pinn,ok,checkpoint,False,rect_2d,rect_2d,none,granite,granite,120.0,60.0,12.0,25.0,0.24,0.58,0.0,0.58,0.66,0.0,0.999335,0.036456,0.0,2.089,0.0,0.02701,0.05986,2.1043e-05,0.365477,physics_informed,pinn-baseline@best_model.pth,,,200,granite,Granite,igneous,2650.0,5950.0,3400.0,77049151515.15152,52971291666.66667,30634000000.0,2.7,790.0,7.5e-06,1.5,77.04915151515152,52.97129166666667,30.634,7.5,2.0892384335968157
case_011_granite,mgn,ok,fallback,True,rect_2d,rect_2d,none,granite,granite,120.0,60.0,12.0,25.0,0.24,0.58,0.0,0.58,0.66,0.0,0.973417,0.229039,0.0,13.2405,0.0,1.0,2.387034,0.00184,1.35714286,dominant_p,mgn-service-fallback-v1,,,200,granite,Granite,igneous,2650.0,5950.0,3400.0,77049151515.15152,52971291666.66667,30634000000.0,2.7,790.0,7.5e-06,1.5,77.04915151515152,52.97129166666667,30.634,7.5,13.240503511449306
case_011_granite,fno,ok,checkpoint,False,rect_2d,rect_2d,none,granite,granite,120.0,60.0,12.0,25.0,0.24,0.58,0.0,0.58,0.66,0.0,-0.712783,-0.701384,0.0,-135.4618,0.0,1.0,1.187034,12888339.0,31016720793600.0,fno_checkpoint_inference,fno-baseline@best_model.pth,,,200,granite,Granite,igneous,2650.0,5950.0,3400.0,77049151515.15152,52971291666.66667,30634000000.0,2.7,790.0,7.5e-06,1.5,77.04915151515152,52.97129166666667,30.634,7.5,-135.46182695983524
case_011_granite,transformer,ok,checkpoint,False,rect_2d,rect_2d,none,granite,granite,120.0,60.0,12.0,25.0,0.24,0.58,0.0,0.58,0.66,0.0,0.992146,0.125083,0.0,7.186,0.0,1.0,0.074713,0.00138498,280.043121,tokenset,oformer-baseline@best_model.pth,,,200,granite,Granite,igneous,2650.0,5950.0,3400.0,77049151515.15152,52971291666.66667,30634000000.0,2.7,790.0,7.5e-06,1.5,77.04915151515152,52.97129166666667,30.634,7.5,7.185550964891611
case_012_granite,pinn,ok,checkpoint,False,rect_2d,rect_2d,none,granite,granite,20.0,60.0,12.0,50.0,0.31,0.47,0.0,0.8,0.48,0.0,0.985525,0.16953,0.0,9.76,0.0,0.025645,0.082306,1.4598e-05,0.040615,physics_informed,pinn-baseline@best_model.pth,,,200,granite,Granite,igneous,2650.0,5950.0,3400.0,77049151515.15152,52971291666.66667,30634000000.0,2.7,790.0,7.5e-06,1.5,77.04915151515152,52.97129166666667,30.634,7.5,9.760493659979485
case_012_granite,mgn,ok,fallback,True,rect_2d,rect_2d,none,granite,granite,20.0,60.0,12.0,50.0,0.31,0.47,0.0,0.8,0.48,0.0,0.999792,0.020404,0.0,1.1691,0.0,1.0,2.623701,0.00150667,0.64285714,dominant_p,mgn-service-fallback-v1,,,200,granite,Granite,igneous,2650.0,5950.0,3400.0,77049151515.15152,52971291666.66667,30634000000.0,2.7,790.0,7.5e-06,1.5,77.04915151515152,52.97129166666667,30.634,7.5,1.1691440041393448
case_012_granite,fno,ok,checkpoint,False,rect_2d,rect_2d,none,granite,granite,20.0,60.0,12.0,50.0,0.31,0.47,0.0,0.8,0.48,0.0,-0.712785,-0.701382,0.0,-135.462,0.0,1.0,1.423701,12888211.0,31016433483776.0,fno_checkpoint_inference,fno-baseline@best_model.pth,,,200,granite,Granite,igneous,2650.0,5950.0,3400.0,77049151515.15152,52971291666.66667,30634000000.0,2.7,790.0,7.5e-06,1.5,77.04915151515152,52.97129166666667,30.634,7.5,-135.4619890115753
case_012_granite,transformer,ok,checkpoint,False,rect_2d,rect_2d,none,granite,granite,20.0,60.0,12.0,50.0,0.31,0.47,0.0,0.8,0.48,0.0,0.981922,0.189284,0.0,10.911,0.0,1.0,0.104835,0.001384981,280.043121,tokenset,oformer-baseline@best_model.pth,,,200,granite,Granite,igneous,2650.0,5950.0,3400.0,77049151515.15152,52971291666.66667,30634000000.0,2.7,790.0,7.5e-06,1.5,77.04915151515152,52.97129166666667,30.634,7.5,10.91100637463248
case_013_granite,pinn,ok,checkpoint,False,rect_2d,rect_2d,none,granite,granite,60.0,60.0,16.0,25.0,0.18,0.42,0.0,0.74,0.6,0.0,0.96388,0.266338,0.0,15.446,0.0,0.025465,0.099583,1.4276e-05,0.125641,physics_informed,pinn-baseline@best_model.pth,,,200,granite,Granite,igneous,2650.0,5950.0,3400.0,77049151515.15152,52971291666.66667,30634000000.0,2.7,790.0,7.5e-06,1.5,77.04915151515152,52.97129166666667,30.634,7.5,15.446467513256982
case_013_granite,mgn,ok,fallback,True,rect_2d,rect_2d,none,granite,granite,60.0,60.0,16.0,25.0,0.18,0.42,0.0,0.74,0.6,0.0,0.952029,0.306009,0.0,17.8189,0.0,1.0,3.388601,0.00164,0.92857143,dominant_p,mgn-service-fallback-v1,,,200,granite,Granite,igneous,2650.0,5950.0,3400.0,77049151515.15152,52971291666.66667,30634000000.0,2.7,790.0,7.5e-06,1.5,77.04915151515152,52.97129166666667,30.634,7.5,17.818871381494606
case_013_granite,fno,ok,checkpoint,False,rect_2d,rect_2d,none,granite,granite,60.0,60.0,16.0,25.0,0.18,0.42,0.0,0.74,0.6,0.0,-0.712784,-0.701384,0.0,-135.4619,0.0,1.0,1.788601,12888254.0,31016546729984.0,fno_checkpoint_inference,fno-baseline@best_model.pth,,,200,granite,Granite,igneous,2650.0,5950.0,3400.0,77049151515.15152,52971291666.66667,30634000000.0,2.7,790.0,7.5e-06,1.5,77.04915151515152,52.97129166666667,30.634,7.5,-135.46186714618494
case_013_granite,transformer,ok,checkpoint,False,rect_2d,rect_2d,none,granite,granite,60.0,60.0,16.0,25.0,0.18,0.42,0.0,0.74,0.6,0.0,0.938033,0.346545,0.0,20.276,0.0,1.0,0.125822,0.00138498,280.043182,tokenset,oformer-baseline@best_model.pth,,,200,granite,Granite,igneous,2650.0,5950.0,3400.0,77049151515.15152,52971291666.66667,30634000000.0,2.7,790.0,7.5e-06,1.5,77.04915151515152,52.97129166666667,30.634,7.5,20.27614379322299
case_014_granite,pinn,ok,checkpoint,False,rect_2d,rect_2d,none,granite,granite,120.0,60.0,8.0,75.0,0.18,0.42,0.0,0.74,0.6,0.0,0.963879,0.266342,0.0,15.447,0.0,0.026043,0.100807,1.6104e-05,0.251275,physics_informed,pinn-baseline@best_model.pth,,,200,granite,Granite,igneous,2650.0,5950.0,3400.0,77049151515.15152,52971291666.66667,30634000000.0,2.7,790.0,7.5e-06,1.5,77.04915151515152,52.97129166666667,30.634,7.5,15.446703678162097
case_014_granite,mgn,ok,fallback,True,rect_2d,rect_2d,none,granite,granite,120.0,60.0,8.0,75.0,0.18,0.42,0.0,0.74,0.6,0.0,0.952029,0.306009,0.0,17.8189,0.0,1.0,2.188601,0.00184,1.35714286,dominant_p,mgn-service-fallback-v1,,,200,granite,Granite,igneous,2650.0,5950.0,3400.0,77049151515.15152,52971291666.66667,30634000000.0,2.7,790.0,7.5e-06,1.5,77.04915151515152,52.97129166666667,30.634,7.5,17.818871381494606
case_014_granite,fno,ok,checkpoint,False,rect_2d,rect_2d,none,granite,granite,120.0,60.0,8.0,75.0,0.18,0.42,0.0,0.74,0.6,0.0,-0.712785,-0.701382,0.0,-135.462,0.0,1.0,1.388601,12888344.0,31016720793600.0,fno_checkpoint_inference,fno-baseline@best_model.pth,,,200,granite,Granite,igneous,2650.0,5950.0,3400.0,77049151515.15152,52971291666.66667,30634000000.0,2.7,790.0,7.5e-06,1.5,77.04915151515152,52.97129166666667,30.634,7.5,-135.4619890115753
case_014_granite,transformer,ok,checkpoint,False,rect_2d,rect_2d,none,granite,granite,120.0,60.0,8.0,75.0,0.18,0.42,0.0,0.74,0.6,0.0,0.938322,0.345762,0.0,20.228,0.0,1.0,0.125822,0.00138498,280.043121,tokenset,oformer-baseline@best_model.pth,,,200,granite,Granite,igneous,2650.0,5950.0,3400.0,77049151515.15152,52971291666.66667,30634000000.0,2.7,790.0,7.5e-06,1.5,77.04915151515152,52.97129166666667,30.634,7.5,20.228322907489066
case_015_granite,pinn,ok,checkpoint,False,rect_2d,rect_2d,none,granite,granite,60.0,60.0,8.0,50.0,0.12,0.34,0.0,0.68,0.52,0.0,0.979001,0.203857,0.0,11.763,0.0,0.025206,0.099583,1.2157e-05,0.100514,physics_informed,pinn-baseline@best_model.pth,,,200,granite,Granite,igneous,2650.0,5950.0,3400.0,77049151515.15152,52971291666.66667,30634000000.0,2.7,790.0,7.5e-06,1.5,77.04915151515152,52.97129166666667,30.634,7.5,11.762593314877355
case_015_granite,mgn,ok,fallback,True,rect_2d,rect_2d,none,granite,granite,60.0,60.0,8.0,50.0,0.12,0.34,0.0,0.68,0.52,0.0,0.952029,0.306009,0.0,17.8189,0.0,1.0,2.188601,0.00164,0.92857143,dominant_p,mgn-service-fallback-v1,,,200,granite,Granite,igneous,2650.0,5950.0,3400.0,77049151515.15152,52971291666.66667,30634000000.0,2.7,790.0,7.5e-06,1.5,77.04915151515152,52.97129166666667,30.634,7.5,17.818871381494606
case_015_granite,fno,ok,checkpoint,False,rect_2d,rect_2d,none,granite,granite,60.0,60.0,8.0,50.0,0.12,0.34,0.0,0.68,0.52,0.0,-0.712785,-0.701383,0.0,-135.4619,0.0,1.0,1.388601,12888254.0,31016546729984.0,fno_checkpoint_inference,fno-baseline@best_model.pth,,,200,granite,Granite,igneous,2650.0,5950.0,3400.0,77049151515.15152,52971291666.66667,30634000000.0,2.7,790.0,7.5e-06,1.5,77.04915151515152,52.97129166666667,30.634,7.5,-135.4619481719977
case_015_granite,transformer,ok,checkpoint,False,rect_2d,rect_2d,none,granite,granite,60.0,60.0,8.0,50.0,0.12,0.34,0.0,0.68,0.52,0.0,0.956112,0.293002,0.0,17.038,0.0,1.0,0.125822,0.00138498,280.043182,tokenset,oformer-baseline@best_model.pth,,,200,granite,Granite,igneous,2650.0,5950.0,3400.0,77049151515.15152,52971291666.66667,30634000000.0,2.7,790.0,7.5e-06,1.5,77.04915151515152,52.97129166666667,30.634,7.5,17.037764261357033
case_016_granite,pinn,ok,checkpoint,False,rect_2d,rect_2d,none,granite,granite,60.0,25.0,8.0,75.0,0.18,0.42,0.0,0.74,0.6,0.0,0.963879,0.266342,0.0,15.447,0.0,0.025969,0.099861,1.5757e-05,0.125641,physics_informed,pinn-baseline@best_model.pth,,,200,granite,Granite,igneous,2650.0,5950.0,3400.0,77049151515.15152,52971291666.66667,30634000000.0,2.7,790.0,7.5e-06,1.5,77.04915151515152,52.97129166666667,30.634,7.5,15.446703678162097
case_016_granite,mgn,ok,fallback,True,rect_2d,rect_2d,none,granite,granite,60.0,25.0,8.0,75.0,0.18,0.42,0.0,0.74,0.6,0.0,0.952029,0.306009,0.0,17.8189,0.0,1.0,2.188601,0.0015,0.92857143,dominant_p,mgn-service-fallback-v1,,,200,granite,Granite,igneous,2650.0,5950.0,3400.0,77049151515.15152,52971291666.66667,30634000000.0,2.7,790.0,7.5e-06,1.5,77.04915151515152,52.97129166666667,30.634,7.5,17.818871381494606
case_016_granite,fno,ok,checkpoint,False,rect_2d,rect_2d,none,granite,granite,60.0,25.0,8.0,75.0,0.18,0.42,0.0,0.74,0.6,0.0,-0.712784,-0.701383,0.0,-135.4619,0.0,1.0,1.388601,12888254.0,31016542535680.0,fno_checkpoint_inference,fno-baseline@best_model.pth,,,200,granite,Granite,igneous,2650.0,5950.0,3400.0,77049151515.15152,52971291666.66667,30634000000.0,2.7,790.0,7.5e-06,1.5,77.04915151515152,52.97129166666667,30.634,7.5,-135.46190798570618
case_016_granite,transformer,ok,checkpoint,False,rect_2d,rect_2d,none,granite,granite,60.0,25.0,8.0,75.0,0.18,0.42,0.0,0.74,0.6,0.0,0.938033,0.346545,0.0,20.276,0.0,1.0,0.125822,0.00138498,280.043182,tokenset,oformer-baseline@best_model.pth,,,200,granite,Granite,igneous,2650.0,5950.0,3400.0,77049151515.15152,52971291666.66667,30634000000.0,2.7,790.0,7.5e-06,1.5,77.04915151515152,52.97129166666667,30.634,7.5,20.27614379322299
case_017_granite,pinn,ok,checkpoint,False,rect_2d,rect_2d,none,granite,granite,260.0,5.0,8.0,75.0,0.18,0.42,0.0,0.74,0.6,0.0,0.963879,0.266342,0.0,15.447,0.0,0.026032,0.104241,1.6051e-05,0.544421,physics_informed,pinn-baseline@best_model.pth,,,200,granite,Granite,igneous,2650.0,5950.0,3400.0,77049151515.15152,52971291666.66667,30634000000.0,2.7,790.0,7.5e-06,1.5,77.04915151515152,52.97129166666667,30.634,7.5,15.446703678162097
case_017_granite,mgn,ok,fallback,True,rect_2d,rect_2d,none,granite,granite,260.0,5.0,8.0,75.0,0.18,0.42,0.0,0.74,0.6,0.0,0.952029,0.306009,0.0,17.8189,0.0,1.0,2.188601,0.00208667,2.35714286,dominant_p,mgn-service-fallback-v1,,,200,granite,Granite,igneous,2650.0,5950.0,3400.0,77049151515.15152,52971291666.66667,30634000000.0,2.7,790.0,7.5e-06,1.5,77.04915151515152,52.97129166666667,30.634,7.5,17.818871381494606
case_017_granite,fno,ok,checkpoint,False,rect_2d,rect_2d,none,granite,granite,260.0,5.0,8.0,75.0,0.18,0.42,0.0,0.74,0.6,0.0,-0.712784,-0.701384,0.0,-135.4619,0.0,1.0,1.388601,12888503.0,31017112961024.0,fno_checkpoint_inference,fno-baseline@best_model.pth,,,200,granite,Granite,igneous,2650.0,5950.0,3400.0,77049151515.15152,52971291666.66667,30634000000.0,2.7,790.0,7.5e-06,1.5,77.04915151515152,52.97129166666667,30.634,7.5,-135.46186714618494
case_017_granite,transformer,ok,checkpoint,False,rect_2d,rect_2d,none,granite,granite,260.0,5.0,8.0,75.0,0.18,0.42,0.0,0.74,0.6,0.0,0.939072,0.343722,0.0,20.104,0.0,1.0,0.125822,0.00138498,294.617828,tokenset,oformer-baseline@best_model.pth,,,200,granite,Granite,igneous,2650.0,5950.0,3400.0,77049151515.15152,52971291666.66667,30634000000.0,2.7,790.0,7.5e-06,1.5,77.04915151515152,52.97129166666667,30.634,7.5,20.103790561027246
case_018_granite,pinn,ok,checkpoint,False,rect_2d,rect_2d,none,granite,granite,20.0,5.0,16.0,50.0,0.24,0.58,0.0,0.58,0.66,0.0,0.999335,0.03645,0.0,2.089,0.0,0.026965,0.058916,2.1298e-05,0.060918,physics_informed,pinn-baseline@best_model.pth,,,200,granite,Granite,igneous,2650.0,5950.0,3400.0,77049151515.15152,52971291666.66667,30634000000.0,2.7,790.0,7.5e-06,1.5,77.04915151515152,52.97129166666667,30.634,7.5,2.088894887276854
case_018_granite,mgn,ok,fallback,True,rect_2d,rect_2d,none,granite,granite,20.0,5.0,16.0,50.0,0.24,0.58,0.0,0.58,0.66,0.0,0.973417,0.229039,0.0,13.2405,0.0,1.0,2.987034,0.00128667,0.64285714,dominant_p,mgn-service-fallback-v1,,,200,granite,Granite,igneous,2650.0,5950.0,3400.0,77049151515.15152,52971291666.66667,30634000000.0,2.7,790.0,7.5e-06,1.5,77.04915151515152,52.97129166666667,30.634,7.5,13.240503511449306
case_018_granite,fno,ok,checkpoint,False,rect_2d,rect_2d,none,granite,granite,20.0,5.0,16.0,50.0,0.24,0.58,0.0,0.58,0.66,0.0,-0.712784,-0.701383,0.0,-135.4619,0.0,1.0,1.387034,12888214.0,31016433483776.0,fno_checkpoint_inference,fno-baseline@best_model.pth,,,200,granite,Granite,igneous,2650.0,5950.0,3400.0,77049151515.15152,52971291666.66667,30634000000.0,2.7,790.0,7.5e-06,1.5,77.04915151515152,52.97129166666667,30.634,7.5,-135.46190798570618
case_018_granite,transformer,ok,checkpoint,False,rect_2d,rect_2d,none,granite,granite,20.0,5.0,16.0,50.0,0.24,0.58,0.0,0.58,0.66,0.0,0.991911,0.126937,0.0,7.293,0.0,1.0,0.074713,0.001384981,280.043121,tokenset,oformer-baseline@best_model.pth,,,200,granite,Granite,igneous,2650.0,5950.0,3400.0,77049151515.15152,52971291666.66667,30634000000.0,2.7,790.0,7.5e-06,1.5,77.04915151515152,52.97129166666667,30.634,7.5,7.292627288197023
case_019_granite,pinn,ok,checkpoint,False,rect_2d,rect_2d,none,granite,granite,60.0,60.0,8.0,25.0,0.31,0.47,0.0,0.8,0.48,0.0,0.985525,0.169533,0.0,9.761,0.0,0.025597,0.082972,1.3982e-05,0.121831,physics_informed,pinn-baseline@best_model.pth,,,200,granite,Granite,igneous,2650.0,5950.0,3400.0,77049151515.15152,52971291666.66667,30634000000.0,2.7,790.0,7.5e-06,1.5,77.04915151515152,52.97129166666667,30.634,7.5,9.760663059171703
case_019_granite,mgn,ok,fallback,True,rect_2d,rect_2d,none,granite,granite,60.0,60.0,8.0,25.0,0.31,0.47,0.0,0.8,0.48,0.0,0.999792,0.020404,0.0,1.1691,0.0,1.0,2.023701,0.00164,0.92857143,dominant_p,mgn-service-fallback-v1,,,200,granite,Granite,igneous,2650.0,5950.0,3400.0,77049151515.15152,52971291666.66667,30634000000.0,2.7,790.0,7.5e-06,1.5,77.04915151515152,52.97129166666667,30.634,7.5,1.1691440041393448
case_019_granite,fno,ok,checkpoint,False,rect_2d,rect_2d,none,granite,granite,60.0,60.0,8.0,25.0,0.31,0.47,0.0,0.8,0.48,0.0,-0.712784,-0.701384,0.0,-135.4619,0.0,1.0,1.223701,12888254.0,31016546729984.0,fno_checkpoint_inference,fno-baseline@best_model.pth,,,200,granite,Granite,igneous,2650.0,5950.0,3400.0,77049151515.15152,52971291666.66667,30634000000.0,2.7,790.0,7.5e-06,1.5,77.04915151515152,52.97129166666667,30.634,7.5,-135.46186714618494
case_019_granite,transformer,ok,checkpoint,False,rect_2d,rect_2d,none,granite,granite,60.0,60.0,8.0,25.0,0.31,0.47,0.0,0.8,0.48,0.0,0.982049,0.188624,0.0,10.872,0.0,1.0,0.104835,0.00138498,280.043182,tokenset,oformer-baseline@best_model.pth,,,200,granite,Granite,igneous,2650.0,5950.0,3400.0,77049151515.15152,52971291666.66667,30634000000.0,2.7,790.0,7.5e-06,1.5,77.04915151515152,52.97129166666667,30.634,7.5,10.87249741465182
case_020_granite,pinn,ok,checkpoint,False,rect_2d,rect_2d,none,granite,granite,320.0,5.0,4.0,25.0,0.12,0.34,0.0,0.68,0.52,0.0,0.979,0.203858,0.0,11.763,0.0,0.025163,0.105578,1.1709e-05,0.536045,physics_informed,pinn-baseline@best_model.pth,,,200,granite,Granite,igneous,2650.0,5950.0,3400.0,77049151515.15152,52971291666.66667,30634000000.0,2.7,790.0,7.5e-06,1.5,77.04915151515152,52.97129166666667,30.634,7.5,11.762661087658055
case_020_granite,mgn,ok,fallback,True,rect_2d,rect_2d,none,granite,granite,320.0,5.0,4.0,25.0,0.12,0.34,0.0,0.68,0.52,0.0,0.952029,0.306009,0.0,17.8189,0.0,1.0,1.588601,0.00228667,2.78571429,dominant_p,mgn-service-fallback-v1,,,200,granite,Granite,igneous,2650.0,5950.0,3400.0,77049151515.15152,52971291666.66667,30634000000.0,2.7,790.0,7.5e-06,1.5,77.04915151515152,52.97129166666667,30.634,7.5,17.818871381494606
case_020_granite,fno,ok,checkpoint,False,rect_2d,rect_2d,none,granite,granite,320.0,5.0,4.0,25.0,0.12,0.34,0.0,0.68,0.52,0.0,-0.712786,-0.701382,0.0,-135.462,0.0,1.0,1.188601,12888556.0,31017280733184.0,fno_checkpoint_inference,fno-baseline@best_model.pth,,,200,granite,Granite,igneous,2650.0,5950.0,3400.0,77049151515.15152,52971291666.66667,30634000000.0,2.7,790.0,7.5e-06,1.5,77.04915151515152,52.97129166666667,30.634,7.5,-135.4620291978086
case_020_granite,transformer,ok,checkpoint,False,rect_2d,rect_2d,none,granite,granite,320.0,5.0,4.0,25.0,0.12,0.34,0.0,0.68,0.52,0.0,0.957384,0.288818,0.0,16.787,0.0,1.0,0.125822,0.00138498,301.400299,tokenset,oformer-baseline@best_model.pth,,,200,granite,Granite,igneous,2650.0,5950.0,3400.0,77049151515.15152,52971291666.66667,30634000000.0,2.7,790.0,7.5e-06,1.5,77.04915151515152,52.97129166666667,30.634,7.5,16.78720497844909
case_021_limestone,pinn,ok,checkpoint,False,rect_2d,rect_2d,none,limestone,limestone,120.0,25.0,4.0,25.0,0.12,0.34,0.0,0.68,0.52,0.0,0.975927,0.218095,0.0,12.597,0.0,0.044683,0.103703,1.6806e-05,0.112107,physics_informed,pinn-baseline@best_model.pth,,,200,limestone,Limestone,sedimentary,2694.0,5800.0,3100.0,67314438751.56055,56107040000.0,25889340000.0,2.3,900.0,1e-05,30.0,67.31443875156054,56.10704,25.88934,10.0,12.597174574510078
case_021_limestone,mgn,ok,fallback,True,rect_2d,rect_2d,none,limestone,limestone,120.0,25.0,4.0,25.0,0.12,0.34,0.0,0.68,0.52,0.0,0.952029,0.306009,0.0,17.8189,0.0,1.0,1.614168,0.0017,1.35714286,dominant_p,mgn-service-fallback-v1,,,200,limestone,Limestone,sedimentary,2694.0,5800.0,3100.0,67314438751.56055,56107040000.0,25889340000.0,2.3,900.0,1e-05,30.0,67.31443875156054,56.10704,25.88934,10.0,17.818871381494606
case_021_limestone,fno,ok,checkpoint,False,rect_2d,rect_2d,none,limestone,limestone,120.0,25.0,4.0,25.0,0.12,0.34,0.0,0.68,0.52,0.0,-0.712785,-0.701382,0.0,-135.462,0.0,1.0,1.214168,12888325.0,31016714502144.0,fno_checkpoint_inference,fno-baseline@best_model.pth,,,200,limestone,Limestone,sedimentary,2694.0,5800.0,3100.0,67314438751.56055,56107040000.0,25889340000.0,2.3,900.0,1e-05,30.0,67.31443875156054,56.10704,25.88934,10.0,-135.4619890115753
case_021_limestone,transformer,ok,checkpoint,False,rect_2d,rect_2d,none,limestone,limestone,120.0,25.0,4.0,25.0,0.12,0.34,0.0,0.68,0.52,0.0,0.959587,0.281413,0.0,16.345,0.0,1.0,0.132184,0.002010752,698.132812,tokenset,oformer-baseline@best_model.pth,,,200,limestone,Limestone,sedimentary,2694.0,5800.0,3100.0,67314438751.56055,56107040000.0,25889340000.0,2.3,900.0,1e-05,30.0,67.31443875156054,56.10704,25.88934,10.0,16.34455098116963
case_022_limestone,pinn,ok,checkpoint,False,rect_2d,rect_2d,none,limestone,limestone,60.0,25.0,16.0,25.0,0.18,0.42,0.0,0.74,0.6,0.0,0.958761,0.284213,0.0,16.512,0.0,0.044818,0.102444,2.0634e-05,0.070068,physics_informed,pinn-baseline@best_model.pth,,,200,limestone,Limestone,sedimentary,2694.0,5800.0,3100.0,67314438751.56055,56107040000.0,25889340000.0,2.3,900.0,1e-05,30.0,67.31443875156054,56.10704,25.88934,10.0,16.511814242852484
case_022_limestone,mgn,ok,fallback,True,rect_2d,rect_2d,none,limestone,limestone,60.0,25.0,16.0,25.0,0.18,0.42,0.0,0.74,0.6,0.0,0.952029,0.306009,0.0,17.8189,0.0,1.0,3.414168,0.0015,0.92857143,dominant_p,mgn-service-fallback-v1,,,200,limestone,Limestone,sedimentary,2694.0,5800.0,3100.0,67314438751.56055,56107040000.0,25889340000.0,2.3,900.0,1e-05,30.0,67.31443875156054,56.10704,25.88934,10.0,17.818871381494606
case_022_limestone,fno,ok,checkpoint,False,rect_2d,rect_2d,none,limestone,limestone,60.0,25.0,16.0,25.0,0.18,0.42,0.0,0.74,0.6,0.0,-0.712785,-0.701383,0.0,-135.4619,0.0,1.0,1.814168,12888254.0,31016542535680.0,fno_checkpoint_inference,fno-baseline@best_model.pth,,,200,limestone,Limestone,sedimentary,2694.0,5800.0,3100.0,67314438751.56055,56107040000.0,25889340000.0,2.3,900.0,1e-05,30.0,67.31443875156054,56.10704,25.88934,10.0,-135.4619481719977
case_022_limestone,transformer,ok,checkpoint,False,rect_2d,rect_2d,none,limestone,limestone,60.0,25.0,16.0,25.0,0.18,0.42,0.0,0.74,0.6,0.0,0.942239,0.334942,0.0,19.569,0.0,1.0,0.132184,0.002010418,698.134644,tokenset,oformer-baseline@best_model.pth,,,200,limestone,Limestone,sedimentary,2694.0,5800.0,3100.0,67314438751.56055,56107040000.0,25889340000.0,2.3,900.0,1e-05,30.0,67.31443875156054,56.10704,25.88934,10.0,19.56900618176681
case_023_limestone,pinn,ok,checkpoint,False,rect_2d,rect_2d,none,limestone,limestone,60.0,5.0,16.0,50.0,0.24,0.58,0.0,0.58,0.66,0.0,0.999223,0.039416,0.0,2.259,0.0,0.046183,0.060929,3.2749e-05,0.106352,physics_informed,pinn-baseline@best_model.pth,,,200,limestone,Limestone,sedimentary,2694.0,5800.0,3100.0,67314438751.56055,56107040000.0,25889340000.0,2.3,900.0,1e-05,30.0,67.31443875156054,56.10704,25.88934,10.0,2.2589553757912038
case_023_limestone,mgn,ok,fallback,True,rect_2d,rect_2d,none,limestone,limestone,60.0,5.0,16.0,50.0,0.24,0.58,0.0,0.58,0.66,0.0,0.973417,0.229039,0.0,13.2405,0.0,1.0,3.002215,0.00142,0.92857143,dominant_p,mgn-service-fallback-v1,,,200,limestone,Limestone,sedimentary,2694.0,5800.0,3100.0,67314438751.56055,56107040000.0,25889340000.0,2.3,900.0,1e-05,30.0,67.31443875156054,56.10704,25.88934,10.0,13.240503511449306
case_023_limestone,fno,ok,checkpoint,False,rect_2d,rect_2d,none,limestone,limestone,60.0,5.0,16.0,50.0,0.24,0.58,0.0,0.58,0.66,0.0,-0.712784,-0.701383,0.0,-135.4619,0.0,1.0,1.402215,12888254.0,31016542535680.0,fno_checkpoint_inference,fno-baseline@best_model.pth,,,200,limestone,Limestone,sedimentary,2694.0,5800.0,3100.0,67314438751.56055,56107040000.0,25889340000.0,2.3,900.0,1e-05,30.0,67.31443875156054,56.10704,25.88934,10.0,-135.46190798570618
case_023_limestone,transformer,ok,checkpoint,False,rect_2d,rect_2d,none,limestone,limestone,60.0,5.0,16.0,50.0,0.24,0.58,0.0,0.58,0.66,0.0,0.993136,0.116961,0.0,6.717,0.0,1.0,0.078491,0.002010418,698.134644,tokenset,oformer-baseline@best_model.pth,,,200,limestone,Limestone,sedimentary,2694.0,5800.0,3100.0,67314438751.56055,56107040000.0,25889340000.0,2.3,900.0,1e-05,30.0,67.31443875156054,56.10704,25.88934,10.0,6.716748893209556
case_024_limestone,pinn,ok,checkpoint,False,rect_2d,rect_2d,none,limestone,limestone,20.0,60.0,16.0,25.0,0.18,0.42,0.0,0.74,0.6,0.0,0.958761,0.284213,0.0,16.512,0.0,0.044834,0.101338,2.0771e-05,0.023359,physics_informed,pinn-baseline@best_model.pth,,,200,limestone,Limestone,sedimentary,2694.0,5800.0,3100.0,67314438751.56055,56107040000.0,25889340000.0,2.3,900.0,1e-05,30.0,67.31443875156054,56.10704,25.88934,10.0,16.511814242852484
case_024_limestone,mgn,ok,fallback,True,rect_2d,rect_2d,none,limestone,limestone,20.0,60.0,16.0,25.0,0.18,0.42,0.0,0.74,0.6,0.0,0.952029,0.306009,0.0,17.8189,0.0,1.0,3.414168,0.00150667,0.64285714,dominant_p,mgn-service-fallback-v1,,,200,limestone,Limestone,sedimentary,2694.0,5800.0,3100.0,67314438751.56055,56107040000.0,25889340000.0,2.3,900.0,1e-05,30.0,67.31443875156054,56.10704,25.88934,10.0,17.818871381494606
case_024_limestone,fno,ok,checkpoint,False,rect_2d,rect_2d,none,limestone,limestone,20.0,60.0,16.0,25.0,0.18,0.42,0.0,0.74,0.6,0.0,-0.712784,-0.701384,0.0,-135.4619,0.0,1.0,1.814168,12888202.0,31016433483776.0,fno_checkpoint_inference,fno-baseline@best_model.pth,,,200,limestone,Limestone,sedimentary,2694.0,5800.0,3100.0,67314438751.56055,56107040000.0,25889340000.0,2.3,900.0,1e-05,30.0,67.31443875156054,56.10704,25.88934,10.0,-135.46186714618494
case_024_limestone,transformer,ok,checkpoint,False,rect_2d,rect_2d,none,limestone,limestone,20.0,60.0,16.0,25.0,0.18,0.42,0.0,0.74,0.6,0.0,0.942152,0.335187,0.0,19.584,0.0,1.0,0.132184,0.002010416,698.135254,tokenset,oformer-baseline@best_model.pth,,,200,limestone,Limestone,sedimentary,2694.0,5800.0,3100.0,67314438751.56055,56107040000.0,25889340000.0,2.3,900.0,1e-05,30.0,67.31443875156054,56.10704,25.88934,10.0,19.583902417339914
case_025_limestone,pinn,ok,checkpoint,False,rect_2d,rect_2d,none,limestone,limestone,120.0,60.0,16.0,75.0,0.31,0.47,0.0,0.8,0.48,0.0,0.983371,0.181607,0.0,10.463,0.0,0.045095,0.086165,2.3073e-05,0.137986,physics_informed,pinn-baseline@best_model.pth,,,200,limestone,Limestone,sedimentary,2694.0,5800.0,3100.0,67314438751.56055,56107040000.0,25889340000.0,2.3,900.0,1e-05,30.0,67.31443875156054,56.10704,25.88934,10.0,10.46337899550741
case_025_limestone,mgn,ok,fallback,True,rect_2d,rect_2d,none,limestone,limestone,120.0,60.0,16.0,75.0,0.31,0.47,0.0,0.8,0.48,0.0,0.999792,0.020404,0.0,1.1691,0.0,1.0,3.245004,0.00184,1.35714286,dominant_p,mgn-service-fallback-v1,,,200,limestone,Limestone,sedimentary,2694.0,5800.0,3100.0,67314438751.56055,56107040000.0,25889340000.0,2.3,900.0,1e-05,30.0,67.31443875156054,56.10704,25.88934,10.0,1.1691440041393448
case_025_limestone,fno,ok,checkpoint,False,rect_2d,rect_2d,none,limestone,limestone,120.0,60.0,16.0,75.0,0.31,0.47,0.0,0.8,0.48,0.0,-0.712785,-0.701383,0.0,-135.462,0.0,1.0,1.645004,12888344.0,31016720793600.0,fno_checkpoint_inference,fno-baseline@best_model.pth,,,200,limestone,Limestone,sedimentary,2694.0,5800.0,3100.0,67314438751.56055,56107040000.0,25889340000.0,2.3,900.0,1e-05,30.0,67.31443875156054,56.10704,25.88934,10.0,-135.4619481719977
case_025_limestone,transformer,ok,checkpoint,False,rect_2d,rect_2d,none,limestone,limestone,120.0,60.0,16.0,75.0,0.31,0.47,0.0,0.8,0.48,0.0,0.984024,0.178034,0.0,10.255,0.0,1.0,0.110135,0.002010752,698.132812,tokenset,oformer-baseline@best_model.pth,,,200,limestone,Limestone,sedimentary,2694.0,5800.0,3100.0,67314438751.56055,56107040000.0,25889340000.0,2.3,900.0,1e-05,30.0,67.31443875156054,56.10704,25.88934,10.0,10.255270192079296
case_026_limestone,pinn,ok,checkpoint,False,rect_2d,rect_2d,none,limestone,limestone,20.0,25.0,12.0,25.0,0.24,0.58,0.0,0.58,0.66,0.0,0.999223,0.039417,0.0,2.259,0.0,0.046129,0.060343,3.1191e-05,0.035453,physics_informed,pinn-baseline@best_model.pth,,,200,limestone,Limestone,sedimentary,2694.0,5800.0,3100.0,67314438751.56055,56107040000.0,25889340000.0,2.3,900.0,1e-05,30.0,67.31443875156054,56.10704,25.88934,10.0,2.2590126270367703
case_026_limestone,mgn,ok,fallback,True,rect_2d,rect_2d,none,limestone,limestone,20.0,25.0,12.0,25.0,0.24,0.58,0.0,0.58,0.66,0.0,0.973417,0.229039,0.0,13.2405,0.0,1.0,2.402215,0.00136667,0.64285714,dominant_p,mgn-service-fallback-v1,,,200,limestone,Limestone,sedimentary,2694.0,5800.0,3100.0,67314438751.56055,56107040000.0,25889340000.0,2.3,900.0,1e-05,30.0,67.31443875156054,56.10704,25.88934,10.0,13.240503511449306
case_026_limestone,fno,ok,checkpoint,False,rect_2d,rect_2d,none,limestone,limestone,20.0,25.0,12.0,25.0,0.24,0.58,0.0,0.58,0.66,0.0,-0.712783,-0.701384,0.0,-135.4618,0.0,1.0,1.202215,12888211.0,31016431386624.0,fno_checkpoint_inference,fno-baseline@best_model.pth,,,200,limestone,Limestone,sedimentary,2694.0,5800.0,3100.0,67314438751.56055,56107040000.0,25889340000.0,2.3,900.0,1e-05,30.0,67.31443875156054,56.10704,25.88934,10.0,-135.46182695983524
case_026_limestone,transformer,ok,checkpoint,False,rect_2d,rect_2d,none,limestone,limestone,20.0,25.0,12.0,25.0,0.24,0.58,0.0,0.58,0.66,0.0,0.99309,0.117356,0.0,6.74,0.0,1.0,0.078491,0.002010416,698.135254,tokenset,oformer-baseline@best_model.pth,,,200,limestone,Limestone,sedimentary,2694.0,5800.0,3100.0,67314438751.56055,56107040000.0,25889340000.0,2.3,900.0,1e-05,30.0,67.31443875156054,56.10704,25.88934,10.0,6.739533654382137
case_027_limestone,pinn,ok,checkpoint,False,rect_2d,rect_2d,none,limestone,limestone,320.0,25.0,12.0,25.0,0.24,0.58,0.0,0.58,0.66,0.0,0.999223,0.039417,0.0,2.259,0.0,0.046318,0.064211,3.287e-05,0.567197,physics_informed,pinn-baseline@best_model.pth,,,200,limestone,Limestone,sedimentary,2694.0,5800.0,3100.0,67314438751.56055,56107040000.0,25889340000.0,2.3,900.0,1e-05,30.0,67.31443875156054,56.10704,25.88934,10.0,2.2590126270367703
case_027_limestone,mgn,ok,fallback,True,rect_2d,rect_2d,none,limestone,limestone,320.0,25.0,12.0,25.0,0.24,0.58,0.0,0.58,0.66,0.0,0.973417,0.229039,0.0,13.2405,0.0,1.0,2.402215,0.00236667,2.78571429,dominant_p,mgn-service-fallback-v1,,,200,limestone,Limestone,sedimentary,2694.0,5800.0,3100.0,67314438751.56055,56107040000.0,25889340000.0,2.3,900.0,1e-05,30.0,67.31443875156054,56.10704,25.88934,10.0,13.240503511449306
case_027_limestone,fno,ok,checkpoint,False,rect_2d,rect_2d,none,limestone,limestone,320.0,25.0,12.0,25.0,0.24,0.58,0.0,0.58,0.66,0.0,-0.712785,-0.701383,0.0,-135.4619,0.0,1.0,1.202215,12888556.0,31017284927488.0,fno_checkpoint_inference,fno-baseline@best_model.pth,,,200,limestone,Limestone,sedimentary,2694.0,5800.0,3100.0,67314438751.56055,56107040000.0,25889340000.0,2.3,900.0,1e-05,30.0,67.31443875156054,56.10704,25.88934,10.0,-135.4619481719977
case_027_limestone,transformer,ok,checkpoint,False,rect_2d,rect_2d,none,limestone,limestone,320.0,25.0,12.0,25.0,0.24,0.58,0.0,0.58,0.66,0.0,0.993456,0.114213,0.0,6.558,0.0,1.0,0.078491,0.002011457,716.188965,tokenset,oformer-baseline@best_model.pth,,,200,limestone,Limestone,sedimentary,2694.0,5800.0,3100.0,67314438751.56055,56107040000.0,25889340000.0,2.3,900.0,1e-05,30.0,67.31443875156054,56.10704,25.88934,10.0,6.558236053582674
case_028_limestone,pinn,ok,checkpoint,False,rect_2d,rect_2d,none,limestone,limestone,120.0,5.0,4.0,25.0,0.12,0.34,0.0,0.68,0.52,0.0,0.975927,0.218095,0.0,12.597,0.0,0.044668,0.103869,1.6673e-05,0.112107,physics_informed,pinn-baseline@best_model.pth,,,200,limestone,Limestone,sedimentary,2694.0,5800.0,3100.0,67314438751.56055,56107040000.0,25889340000.0,2.3,900.0,1e-05,30.0,67.31443875156054,56.10704,25.88934,10.0,12.597174574510078
case_028_limestone,mgn,ok,fallback,True,rect_2d,rect_2d,none,limestone,limestone,120.0,5.0,4.0,25.0,0.12,0.34,0.0,0.68,0.52,0.0,0.952029,0.306009,0.0,17.8189,0.0,1.0,1.614168,0.00162,1.35714286,dominant_p,mgn-service-fallback-v1,,,200,limestone,Limestone,sedimentary,2694.0,5800.0,3100.0,67314438751.56055,56107040000.0,25889340000.0,2.3,900.0,1e-05,30.0,67.31443875156054,56.10704,25.88934,10.0,17.818871381494606
case_028_limestone,fno,ok,checkpoint,False,rect_2d,rect_2d,none,limestone,limestone,120.0,5.0,4.0,25.0,0.12,0.34,0.0,0.68,0.52,0.0,-0.712784,-0.701383,0.0,-135.4619,0.0,1.0,1.214168,12888327.0,31016712404992.0,fno_checkpoint_inference,fno-baseline@best_model.pth,,,200,limestone,Limestone,sedimentary,2694.0,5800.0,3100.0,67314438751.56055,56107040000.0,25889340000.0,2.3,900.0,1e-05,30.0,67.31443875156054,56.10704,25.88934,10.0,-135.46190798570618
case_028_limestone,transformer,ok,checkpoint,False,rect_2d,rect_2d,none,limestone,limestone,120.0,5.0,4.0,25.0,0.12,0.34,0.0,0.68,0.52,0.0,0.959587,0.281413,0.0,16.345,0.0,1.0,0.132184,0.002010752,698.132812,tokenset,oformer-baseline@best_model.pth,,,200,limestone,Limestone,sedimentary,2694.0,5800.0,3100.0,67314438751.56055,56107040000.0,25889340000.0,2.3,900.0,1e-05,30.0,67.31443875156054,56.10704,25.88934,10.0,16.34455098116963
case_029_limestone,pinn,ok,checkpoint,False,rect_2d,rect_2d,none,limestone,limestone,180.0,25.0,4.0,25.0,0.12,0.34,0.0,0.68,0.52,0.0,0.975927,0.218095,0.0,12.597,0.0,0.044703,0.104994,1.6983e-05,0.168159,physics_informed,pinn-baseline@best_model.pth,,,200,limestone,Limestone,sedimentary,2694.0,5800.0,3100.0,67314438751.56055,56107040000.0,25889340000.0,2.3,900.0,1e-05,30.0,67.31443875156054,56.10704,25.88934,10.0,12.597174574510078
case_029_limestone,mgn,ok,fallback,True,rect_2d,rect_2d,none,limestone,limestone,180.0,25.0,4.0,25.0,0.12,0.34,0.0,0.68,0.52,0.0,0.952029,0.306009,0.0,17.8189,0.0,1.0,1.614168,0.0019,1.78571429,dominant_p,mgn-service-fallback-v1,,,200,limestone,Limestone,sedimentary,2694.0,5800.0,3100.0,67314438751.56055,56107040000.0,25889340000.0,2.3,900.0,1e-05,30.0,67.31443875156054,56.10704,25.88934,10.0,17.818871381494606
case_029_limestone,fno,ok,checkpoint,False,rect_2d,rect_2d,none,limestone,limestone,180.0,25.0,4.0,25.0,0.12,0.34,0.0,0.68,0.52,0.0,-0.712784,-0.701384,0.0,-135.4619,0.0,1.0,1.214168,12888414.0,31016882274304.0,fno_checkpoint_inference,fno-baseline@best_model.pth,,,200,limestone,Limestone,sedimentary,2694.0,5800.0,3100.0,67314438751.56055,56107040000.0,25889340000.0,2.3,900.0,1e-05,30.0,67.31443875156054,56.10704,25.88934,10.0,-135.46186714618494
case_029_limestone,transformer,ok,checkpoint,False,rect_2d,rect_2d,none,limestone,limestone,180.0,25.0,4.0,25.0,0.12,0.34,0.0,0.68,0.52,0.0,0.959714,0.280979,0.0,16.319,0.0,1.0,0.132184,0.00201087,698.129517,tokenset,oformer-baseline@best_model.pth,,,200,limestone,Limestone,sedimentary,2694.0,5800.0,3100.0,67314438751.56055,56107040000.0,25889340000.0,2.3,900.0,1e-05,30.0,67.31443875156054,56.10704,25.88934,10.0,16.318641825202455
case_030_limestone,pinn,ok,checkpoint,False,rect_2d,rect_2d,none,limestone,limestone,60.0,5.0,4.0,50.0,0.18,0.42,0.0,0.74,0.6,0.0,0.95876,0.284215,0.0,16.512,0.0,0.045237,0.102608,2.1737e-05,0.070068,physics_informed,pinn-baseline@best_model.pth,,,200,limestone,Limestone,sedimentary,2694.0,5800.0,3100.0,67314438751.56055,56107040000.0,25889340000.0,2.3,900.0,1e-05,30.0,67.31443875156054,56.10704,25.88934,10.0,16.511940393064634
case_030_limestone,mgn,ok,fallback,True,rect_2d,rect_2d,none,limestone,limestone,60.0,5.0,4.0,50.0,0.18,0.42,0.0,0.74,0.6,0.0,0.952029,0.306009,0.0,17.8189,0.0,1.0,1.614168,0.00142,0.92857143,dominant_p,mgn-service-fallback-v1,,,200,limestone,Limestone,sedimentary,2694.0,5800.0,3100.0,67314438751.56055,56107040000.0,25889340000.0,2.3,900.0,1e-05,30.0,67.31443875156054,56.10704,25.88934,10.0,17.818871381494606
case_030_limestone,fno,ok,checkpoint,False,rect_2d,rect_2d,none,limestone,limestone,60.0,5.0,4.0,50.0,0.18,0.42,0.0,0.74,0.6,0.0,-0.712784,-0.701383,0.0,-135.4619,0.0,1.0,1.214168,12888254.0,31016542535680.0,fno_checkpoint_inference,fno-baseline@best_model.pth,,,200,limestone,Limestone,sedimentary,2694.0,5800.0,3100.0,67314438751.56055,56107040000.0,25889340000.0,2.3,900.0,1e-05,30.0,67.31443875156054,56.10704,25.88934,10.0,-135.46190798570618
case_030_limestone,transformer,ok,checkpoint,False,rect_2d,rect_2d,none,limestone,limestone,60.0,5.0,4.0,50.0,0.18,0.42,0.0,0.74,0.6,0.0,0.942239,0.334942,0.0,19.569,0.0,1.0,0.132184,0.002010418,698.134644,tokenset,oformer-baseline@best_model.pth,,,200,limestone,Limestone,sedimentary,2694.0,5800.0,3100.0,67314438751.56055,56107040000.0,25889340000.0,2.3,900.0,1e-05,30.0,67.31443875156054,56.10704,25.88934,10.0,19.56900618176681
case_031_sandstone,pinn,ok,checkpoint,False,rect_2d,rect_2d,none,sandstone,sandstone_medium,180.0,5.0,16.0,25.0,0.18,0.42,0.0,0.74,0.6,0.0,0.956051,0.293201,0.0,17.05,0.0,0.040279,0.098856,1.4716e-05,0.196163,physics_informed,pinn-baseline@best_model.pth,,,200,sandstone_medium,Sandstone (medium),sedimentary,2684.0,6170.0,3200.0,72339331496.10657,65531380933.33333,27484160000.0,2.5,850.0,1.2e-05,34.0,72.33933149610657,65.53138093333332,27.48416,12.0,17.049689767194124
case_031_sandstone,mgn,ok,fallback,True,rect_2d,rect_2d,none,sandstone,sandstone_medium,180.0,5.0,16.0,25.0,0.18,0.42,0.0,0.74,0.6,0.0,0.952029,0.306009,0.0,17.8189,0.0,1.0,3.353351,0.00182,1.78571429,dominant_p,mgn-service-fallback-v1,,,200,sandstone_medium,Sandstone (medium),sedimentary,2684.0,6170.0,3200.0,72339331496.10657,65531380933.33333,27484160000.0,2.5,850.0,1.2e-05,34.0,72.33933149610657,65.53138093333332,27.48416,12.0,17.818871381494606
case_031_sandstone,fno,ok,checkpoint,False,rect_2d,rect_2d,none,sandstone,sandstone_medium,180.0,5.0,16.0,25.0,0.18,0.42,0.0,0.74,0.6,0.0,-0.712785,-0.701383,0.0,-135.4619,0.0,1.0,1.753351,12888414.0,31016882274304.0,fno_checkpoint_inference,fno-baseline@best_model.pth,,,200,sandstone_medium,Sandstone (medium),sedimentary,2684.0,6170.0,3200.0,72339331496.10657,65531380933.33333,27484160000.0,2.5,850.0,1.2e-05,34.0,72.33933149610657,65.53138093333332,27.48416,12.0,-135.4619481719977
case_031_sandstone,transformer,ok,checkpoint,False,rect_2d,rect_2d,none,sandstone,sandstone_medium,180.0,5.0,16.0,25.0,0.18,0.42,0.0,0.74,0.6,0.0,0.941757,0.336295,0.0,19.651,0.0,1.0,0.125553,0.001344411,733.475586,tokenset,oformer-baseline@best_model.pth,,,200,sandstone_medium,Sandstone (medium),sedimentary,2684.0,6170.0,3200.0,72339331496.10657,65531380933.33333,27484160000.0,2.5,850.0,1.2e-05,34.0,72.33933149610657,65.53138093333332,27.48416,12.0,19.65129960283526
case_032_sandstone,pinn,ok,checkpoint,False,rect_2d,rect_2d,none,sandstone,sandstone_medium,60.0,5.0,8.0,50.0,0.12,0.34,0.0,0.68,0.52,0.0,0.974312,0.225202,0.0,13.015,0.0,0.03994,0.096454,1.2096e-05,0.052315,physics_informed,pinn-baseline@best_model.pth,,,200,sandstone_medium,Sandstone (medium),sedimentary,2684.0,6170.0,3200.0,72339331496.10657,65531380933.33333,27484160000.0,2.5,850.0,1.2e-05,34.0,72.33933149610657,65.53138093333332,27.48416,12.0,13.014758000324242
case_032_sandstone,mgn,ok,fallback,True,rect_2d,rect_2d,none,sandstone,sandstone_medium,60.0,5.0,8.0,50.0,0.12,0.34,0.0,0.68,0.52,0.0,0.952029,0.306009,0.0,17.8189,0.0,1.0,2.153351,0.00142,0.92857143,dominant_p,mgn-service-fallback-v1,,,200,sandstone_medium,Sandstone (medium),sedimentary,2684.0,6170.0,3200.0,72339331496.10657,65531380933.33333,27484160000.0,2.5,850.0,1.2e-05,34.0,72.33933149610657,65.53138093333332,27.48416,12.0,17.818871381494606
case_032_sandstone,fno,ok,checkpoint,False,rect_2d,rect_2d,none,sandstone,sandstone_medium,60.0,5.0,8.0,50.0,0.12,0.34,0.0,0.68,0.52,0.0,-0.712784,-0.701384,0.0,-135.4619,0.0,1.0,1.353351,12888254.0,31016540438528.0,fno_checkpoint_inference,fno-baseline@best_model.pth,,,200,sandstone_medium,Sandstone (medium),sedimentary,2684.0,6170.0,3200.0,72339331496.10657,65531380933.33333,27484160000.0,2.5,850.0,1.2e-05,34.0,72.33933149610657,65.53138093333332,27.48416,12.0,-135.46186714618494
case_032_sandstone,transformer,ok,checkpoint,False,rect_2d,rect_2d,none,sandstone,sandstone_medium,60.0,5.0,8.0,50.0,0.12,0.34,0.0,0.68,0.52,0.0,0.961421,0.275082,0.0,15.967,0.0,1.0,0.125553,0.001344409,733.471558,tokenset,oformer-baseline@best_model.pth,,,200,sandstone_medium,Sandstone (medium),sedimentary,2684.0,6170.0,3200.0,72339331496.10657,65531380933.33333,27484160000.0,2.5,850.0,1.2e-05,34.0,72.33933149610657,65.53138093333332,27.48416,12.0,15.966897229993492
case_033_sandstone,pinn,ok,checkpoint,False,rect_2d,rect_2d,none,sandstone,sandstone_medium,320.0,5.0,16.0,50.0,0.24,0.58,0.0,0.58,0.66,0.0,0.999176,0.040582,0.0,2.326,0.0,0.041564,0.060457,2.4999e-05,0.5461,physics_informed,pinn-baseline@best_model.pth,,,200,sandstone_medium,Sandstone (medium),sedimentary,2684.0,6170.0,3200.0,72339331496.10657,65531380933.33333,27484160000.0,2.5,850.0,1.2e-05,34.0,72.33933149610657,65.53138093333332,27.48416,12.0,2.3258165109473716
case_033_sandstone,mgn,ok,fallback,True,rect_2d,rect_2d,none,sandstone,sandstone_medium,320.0,5.0,16.0,50.0,0.24,0.58,0.0,0.58,0.66,0.0,0.973417,0.229039,0.0,13.2405,0.0,1.0,2.966102,0.00228667,2.78571429,dominant_p,mgn-service-fallback-v1,,,200,sandstone_medium,Sandstone (medium),sedimentary,2684.0,6170.0,3200.0,72339331496.10657,65531380933.33333,27484160000.0,2.5,850.0,1.2e-05,34.0,72.33933149610657,65.53138093333332,27.48416,12.0,13.240503511449306
case_033_sandstone,fno,ok,checkpoint,False,rect_2d,rect_2d,none,sandstone,sandstone_medium,320.0,5.0,16.0,50.0,0.24,0.58,0.0,0.58,0.66,0.0,-0.712785,-0.701382,0.0,-135.462,0.0,1.0,1.366102,12888556.0,31017284927488.0,fno_checkpoint_inference,fno-baseline@best_model.pth,,,200,sandstone_medium,Sandstone (medium),sedimentary,2684.0,6170.0,3200.0,72339331496.10657,65531380933.33333,27484160000.0,2.5,850.0,1.2e-05,34.0,72.33933149610657,65.53138093333332,27.48416,12.0,-135.4619890115753
case_033_sandstone,transformer,ok,checkpoint,False,rect_2d,rect_2d,none,sandstone,sandstone_medium,320.0,5.0,16.0,50.0,0.24,0.58,0.0,0.58,0.66,0.0,0.999534,0.03052,0.0,1.749,0.0,1.0,0.074554,0.001344413,734.434204,tokenset,oformer-baseline@best_model.pth,,,200,sandstone_medium,Sandstone (medium),sedimentary,2684.0,6170.0,3200.0,72339331496.10657,65531380933.33333,27484160000.0,2.5,850.0,1.2e-05,34.0,72.33933149610657,65.53138093333332,27.48416,12.0,1.7489390498553166
case_034_sandstone,pinn,ok,checkpoint,False,rect_2d,rect_2d,none,sandstone,sandstone_medium,120.0,5.0,4.0,75.0,0.24,0.58,0.0,0.58,0.66,0.0,0.999176,0.040583,0.0,2.326,0.0,0.04154,0.057979,2.5186e-05,0.204792,physics_informed,pinn-baseline@best_model.pth,,,200,sandstone_medium,Sandstone (medium),sedimentary,2684.0,6170.0,3200.0,72339331496.10657,65531380933.33333,27484160000.0,2.5,850.0,1.2e-05,34.0,72.33933149610657,65.53138093333332,27.48416,12.0,2.325873759537015
case_034_sandstone,mgn,ok,fallback,True,rect_2d,rect_2d,none,sandstone,sandstone_medium,120.0,5.0,4.0,75.0,0.24,0.58,0.0,0.58,0.66,0.0,0.973417,0.229039,0.0,13.2405,0.0,1.0,1.166102,0.00162,1.35714286,dominant_p,mgn-service-fallback-v1,,,200,sandstone_medium,Sandstone (medium),sedimentary,2684.0,6170.0,3200.0,72339331496.10657,65531380933.33333,27484160000.0,2.5,850.0,1.2e-05,34.0,72.33933149610657,65.53138093333332,27.48416,12.0,13.240503511449306
case_034_sandstone,fno,ok,checkpoint,False,rect_2d,rect_2d,none,sandstone,sandstone_medium,120.0,5.0,4.0,75.0,0.24,0.58,0.0,0.58,0.66,0.0,-0.712786,-0.701381,0.0,-135.4621,0.0,1.0,0.766102,12888327.0,31016714502144.0,fno_checkpoint_inference,fno-baseline@best_model.pth,,,200,sandstone_medium,Sandstone (medium),sedimentary,2684.0,6170.0,3200.0,72339331496.10657,65531380933.33333,27484160000.0,2.5,850.0,1.2e-05,34.0,72.33933149610657,65.53138093333332,27.48416,12.0,-135.46207003744257
case_034_sandstone,transformer,ok,checkpoint,False,rect_2d,rect_2d,none,sandstone,sandstone_medium,120.0,5.0,4.0,75.0,0.24,0.58,0.0,0.58,0.66,0.0,0.998379,0.056915,0.0,3.263,0.0,1.0,0.074554,0.00134441,733.473755,tokenset,oformer-baseline@best_model.pth,,,200,sandstone_medium,Sandstone (medium),sedimentary,2684.0,6170.0,3200.0,72339331496.10657,65531380933.33333,27484160000.0,2.5,850.0,1.2e-05,34.0,72.33933149610657,65.53138093333332,27.48416,12.0,3.262752515478284
case_035_sandstone,pinn,ok,checkpoint,False,rect_2d,rect_2d,none,sandstone,sandstone_medium,320.0,25.0,8.0,25.0,0.31,0.47,0.0,0.8,0.48,0.0,0.982248,0.187584,0.0,10.812,0.0,0.040326,0.084695,1.5192e-05,0.347175,physics_informed,pinn-baseline@best_model.pth,,,200,sandstone_medium,Sandstone (medium),sedimentary,2684.0,6170.0,3200.0,72339331496.10657,65531380933.33333,27484160000.0,2.5,850.0,1.2e-05,34.0,72.33933149610657,65.53138093333332,27.48416,12.0,10.81182872900596
case_035_sandstone,mgn,ok,fallback,True,rect_2d,rect_2d,none,sandstone,sandstone_medium,320.0,25.0,8.0,25.0,0.31,0.47,0.0,0.8,0.48,0.0,0.999792,0.020404,0.0,1.1691,0.0,1.0,1.994331,0.00236667,2.78571429,dominant_p,mgn-service-fallback-v1,,,200,sandstone_medium,Sandstone (medium),sedimentary,2684.0,6170.0,3200.0,72339331496.10657,65531380933.33333,27484160000.0,2.5,850.0,1.2e-05,34.0,72.33933149610657,65.53138093333332,27.48416,12.0,1.1691440041393448
case_035_sandstone,fno,ok,checkpoint,False,rect_2d,rect_2d,none,sandstone,sandstone_medium,320.0,25.0,8.0,25.0,0.31,0.47,0.0,0.8,0.48,0.0,-0.712784,-0.701383,0.0,-135.4619,0.0,1.0,1.194331,12888544.0,31017284927488.0,fno_checkpoint_inference,fno-baseline@best_model.pth,,,200,sandstone_medium,Sandstone (medium),sedimentary,2684.0,6170.0,3200.0,72339331496.10657,65531380933.33333,27484160000.0,2.5,850.0,1.2e-05,34.0,72.33933149610657,65.53138093333332,27.48416,12.0,-135.46190798570618
case_035_sandstone,transformer,ok,checkpoint,False,rect_2d,rect_2d,none,sandstone,sandstone_medium,320.0,25.0,8.0,25.0,0.31,0.47,0.0,0.8,0.48,0.0,0.99349,0.113917,0.0,6.541,0.0,1.0,0.104611,0.001344413,734.434204,tokenset,oformer-baseline@best_model.pth,,,200,sandstone_medium,Sandstone (medium),sedimentary,2684.0,6170.0,3200.0,72339331496.10657,65531380933.33333,27484160000.0,2.5,850.0,1.2e-05,34.0,72.33933149610657,65.53138093333332,27.48416,12.0,6.541164983096096
case_036_sandstone,pinn,ok,checkpoint,False,rect_2d,rect_2d,none,sandstone,sandstone_medium,260.0,25.0,8.0,25.0,0.31,0.47,0.0,0.8,0.48,0.0,0.982248,0.187584,0.0,10.812,0.0,0.040303,0.083623,1.5008e-05,0.282081,physics_informed,pinn-baseline@best_model.pth,,,200,sandstone_medium,Sandstone (medium),sedimentary,2684.0,6170.0,3200.0,72339331496.10657,65531380933.33333,27484160000.0,2.5,850.0,1.2e-05,34.0,72.33933149610657,65.53138093333332,27.48416,12.0,10.81182872900596
case_036_sandstone,mgn,ok,fallback,True,rect_2d,rect_2d,none,sandstone,sandstone_medium,260.0,25.0,8.0,25.0,0.31,0.47,0.0,0.8,0.48,0.0,0.999792,0.020404,0.0,1.1691,0.0,1.0,1.994331,0.00216667,2.35714286,dominant_p,mgn-service-fallback-v1,,,200,sandstone_medium,Sandstone (medium),sedimentary,2684.0,6170.0,3200.0,72339331496.10657,65531380933.33333,27484160000.0,2.5,850.0,1.2e-05,34.0,72.33933149610657,65.53138093333332,27.48416,12.0,1.1691440041393448
case_036_sandstone,fno,ok,checkpoint,False,rect_2d,rect_2d,none,sandstone,sandstone_medium,260.0,25.0,8.0,25.0,0.31,0.47,0.0,0.8,0.48,0.0,-0.712785,-0.701383,0.0,-135.4619,0.0,1.0,1.194331,12888485.0,31017112961024.0,fno_checkpoint_inference,fno-baseline@best_model.pth,,,200,sandstone_medium,Sandstone (medium),sedimentary,2684.0,6170.0,3200.0,72339331496.10657,65531380933.33333,27484160000.0,2.5,850.0,1.2e-05,34.0,72.33933149610657,65.53138093333332,27.48416,12.0,-135.4619481719977
case_036_sandstone,transformer,ok,checkpoint,False,rect_2d,rect_2d,none,sandstone,sandstone_medium,260.0,25.0,8.0,25.0,0.31,0.47,0.0,0.8,0.48,0.0,0.992554,0.121809,0.0,6.996,0.0,1.0,0.104611,0.001344412,733.549194,tokenset,oformer-baseline@best_model.pth,,,200,sandstone_medium,Sandstone (medium),sedimentary,2684.0,6170.0,3200.0,72339331496.10657,65531380933.33333,27484160000.0,2.5,850.0,1.2e-05,34.0,72.33933149610657,65.53138093333332,27.48416,12.0,6.996513548248331
case_037_sandstone,pinn,ok,checkpoint,False,rect_2d,rect_2d,none,sandstone,sandstone_medium,20.0,60.0,4.0,50.0,0.18,0.42,0.0,0.74,0.6,0.0,0.956051,0.293202,0.0,17.05,0.0,0.040303,0.095261,1.5304e-05,0.021802,physics_informed,pinn-baseline@best_model.pth,,,200,sandstone_medium,Sandstone (medium),sedimentary,2684.0,6170.0,3200.0,72339331496.10657,65531380933.33333,27484160000.0,2.5,850.0,1.2e-05,34.0,72.33933149610657,65.53138093333332,27.48416,12.0,17.049744544846682
case_037_sandstone,mgn,ok,fallback,True,rect_2d,rect_2d,none,sandstone,sandstone_medium,20.0,60.0,4.0,50.0,0.18,0.42,0.0,0.74,0.6,0.0,0.952029,0.306009,0.0,17.8189,0.0,1.0,1.553351,0.00150667,0.64285714,dominant_p,mgn-service-fallback-v1,,,200,sandstone_medium,Sandstone (medium),sedimentary,2684.0,6170.0,3200.0,72339331496.10657,65531380933.33333,27484160000.0,2.5,850.0,1.2e-05,34.0,72.33933149610657,65.53138093333332,27.48416,12.0,17.818871381494606
case_037_sandstone,fno,ok,checkpoint,False,rect_2d,rect_2d,none,sandstone,sandstone_medium,20.0,60.0,4.0,50.0,0.18,0.42,0.0,0.74,0.6,0.0,-0.712783,-0.701384,0.0,-135.4618,0.0,1.0,1.153351,12888207.0,31016433483776.0,fno_checkpoint_inference,fno-baseline@best_model.pth,,,200,sandstone_medium,Sandstone (medium),sedimentary,2684.0,6170.0,3200.0,72339331496.10657,65531380933.33333,27484160000.0,2.5,850.0,1.2e-05,34.0,72.33933149610657,65.53138093333332,27.48416,12.0,-135.46182695983524
case_037_sandstone,transformer,ok,checkpoint,False,rect_2d,rect_2d,none,sandstone,sandstone_medium,20.0,60.0,4.0,50.0,0.18,0.42,0.0,0.74,0.6,0.0,0.938906,0.344173,0.0,20.131,0.0,1.0,0.125553,0.001350329,733.469849,tokenset,oformer-baseline@best_model.pth,,,200,sandstone_medium,Sandstone (medium),sedimentary,2684.0,6170.0,3200.0,72339331496.10657,65531380933.33333,27484160000.0,2.5,850.0,1.2e-05,34.0,72.33933149610657,65.53138093333332,27.48416,12.0,20.131325721291716
case_038_sandstone,pinn,ok,checkpoint,False,rect_2d,rect_2d,none,sandstone,sandstone_medium,320.0,60.0,16.0,75.0,0.31,0.47,0.0,0.8,0.48,0.0,0.982249,0.187583,0.0,10.812,0.0,0.040573,0.084459,1.7074e-05,0.347175,physics_informed,pinn-baseline@best_model.pth,,,200,sandstone_medium,Sandstone (medium),sedimentary,2684.0,6170.0,3200.0,72339331496.10657,65531380933.33333,27484160000.0,2.5,850.0,1.2e-05,34.0,72.33933149610657,65.53138093333332,27.48416,12.0,10.811761702548521
case_038_sandstone,mgn,ok,fallback,True,rect_2d,rect_2d,none,sandstone,sandstone_medium,320.0,60.0,16.0,75.0,0.31,0.47,0.0,0.8,0.48,0.0,0.999792,0.020404,0.0,1.1691,0.0,1.0,3.194331,0.00250667,2.78571429,dominant_p,mgn-service-fallback-v1,,,200,sandstone_medium,Sandstone (medium),sedimentary,2684.0,6170.0,3200.0,72339331496.10657,65531380933.33333,27484160000.0,2.5,850.0,1.2e-05,34.0,72.33933149610657,65.53138093333332,27.48416,12.0,1.1691440041393448
case_038_sandstone,fno,ok,checkpoint,False,rect_2d,rect_2d,none,sandstone,sandstone_medium,320.0,60.0,16.0,75.0,0.31,0.47,0.0,0.8,0.48,0.0,-0.712786,-0.701382,0.0,-135.462,0.0,1.0,1.594331,12888556.0,31017287024640.0,fno_checkpoint_inference,fno-baseline@best_model.pth,,,200,sandstone_medium,Sandstone (medium),sedimentary,2684.0,6170.0,3200.0,72339331496.10657,65531380933.33333,27484160000.0,2.5,850.0,1.2e-05,34.0,72.33933149610657,65.53138093333332,27.48416,12.0,-135.4620291978086
case_038_sandstone,transformer,ok,checkpoint,False,rect_2d,rect_2d,none,sandstone,sandstone_medium,320.0,60.0,16.0,75.0,0.31,0.47,0.0,0.8,0.48,0.0,0.99349,0.113917,0.0,6.541,0.0,1.0,0.104611,0.001344413,734.434204,tokenset,oformer-baseline@best_model.pth,,,200,sandstone_medium,Sandstone (medium),sedimentary,2684.0,6170.0,3200.0,72339331496.10657,65531380933.33333,27484160000.0,2.5,850.0,1.2e-05,34.0,72.33933149610657,65.53138093333332,27.48416,12.0,6.541164983096096
case_039_sandstone,pinn,ok,checkpoint,False,rect_2d,rect_2d,none,sandstone,sandstone_medium,120.0,60.0,12.0,25.0,0.24,0.58,0.0,0.58,0.66,0.0,0.999176,0.040582,0.0,2.326,0.0,0.041352,0.057725,2.3261e-05,0.204792,physics_informed,pinn-baseline@best_model.pth,,,200,sandstone_medium,Sandstone (medium),sedimentary,2684.0,6170.0,3200.0,72339331496.10657,65531380933.33333,27484160000.0,2.5,850.0,1.2e-05,34.0,72.33933149610657,65.53138093333332,27.48416,12.0,2.3258165109473716
case_039_sandstone,mgn,ok,fallback,True,rect_2d,rect_2d,none,sandstone,sandstone_medium,120.0,60.0,12.0,25.0,0.24,0.58,0.0,0.58,0.66,0.0,0.973417,0.229039,0.0,13.2405,0.0,1.0,2.366102,0.00184,1.35714286,dominant_p,mgn-service-fallback-v1,,,200,sandstone_medium,Sandstone (medium),sedimentary,2684.0,6170.0,3200.0,72339331496.10657,65531380933.33333,27484160000.0,2.5,850.0,1.2e-05,34.0,72.33933149610657,65.53138093333332,27.48416,12.0,13.240503511449306
case_039_sandstone,fno,ok,checkpoint,False,rect_2d,rect_2d,none,sandstone,sandstone_medium,120.0,60.0,12.0,25.0,0.24,0.58,0.0,0.58,0.66,0.0,-0.712783,-0.701384,0.0,-135.4618,0.0,1.0,1.166102,12888339.0,31016720793600.0,fno_checkpoint_inference,fno-baseline@best_model.pth,,,200,sandstone_medium,Sandstone (medium),sedimentary,2684.0,6170.0,3200.0,72339331496.10657,65531380933.33333,27484160000.0,2.5,850.0,1.2e-05,34.0,72.33933149610657,65.53138093333332,27.48416,12.0,-135.46182695983524
case_039_sandstone,transformer,ok,checkpoint,False,rect_2d,rect_2d,none,sandstone,sandstone_medium,120.0,60.0,12.0,25.0,0.24,0.58,0.0,0.58,0.66,0.0,0.998379,0.056915,0.0,3.263,0.0,1.0,0.074554,0.00134441,733.473755,tokenset,oformer-baseline@best_model.pth,,,200,sandstone_medium,Sandstone (medium),sedimentary,2684.0,6170.0,3200.0,72339331496.10657,65531380933.33333,27484160000.0,2.5,850.0,1.2e-05,34.0,72.33933149610657,65.53138093333332,27.48416,12.0,3.262752515478284
case_040_sandstone,pinn,ok,checkpoint,False,rect_2d,rect_2d,none,sandstone,sandstone_medium,60.0,25.0,4.0,25.0,0.12,0.34,0.0,0.68,0.52,0.0,0.974312,0.225202,0.0,13.015,0.0,0.039833,0.0963,1.1555e-05,0.052315,physics_informed,pinn-baseline@best_model.pth,,,200,sandstone_medium,Sandstone (medium),sedimentary,2684.0,6170.0,3200.0,72339331496.10657,65531380933.33333,27484160000.0,2.5,850.0,1.2e-05,34.0,72.33933149610657,65.53138093333332,27.48416,12.0,13.014758000324242
case_040_sandstone,mgn,ok,fallback,True,rect_2d,rect_2d,none,sandstone,sandstone_medium,60.0,25.0,4.0,25.0,0.12,0.34,0.0,0.68,0.52,0.0,0.952029,0.306009,0.0,17.8189,0.0,1.0,1.553351,0.0015,0.92857143,dominant_p,mgn-service-fallback-v1,,,200,sandstone_medium,Sandstone (medium),sedimentary,2684.0,6170.0,3200.0,72339331496.10657,65531380933.33333,27484160000.0,2.5,850.0,1.2e-05,34.0,72.33933149610657,65.53138093333332,27.48416,12.0,17.818871381494606
case_040_sandstone,fno,ok,checkpoint,False,rect_2d,rect_2d,none,sandstone,sandstone_medium,60.0,25.0,4.0,25.0,0.12,0.34,0.0,0.68,0.52,0.0,-0.712785,-0.701383,0.0,-135.462,0.0,1.0,1.153351,12888254.0,31016542535680.0,fno_checkpoint_inference,fno-baseline@best_model.pth,,,200,sandstone_medium,Sandstone (medium),sedimentary,2684.0,6170.0,3200.0,72339331496.10657,65531380933.33333,27484160000.0,2.5,850.0,1.2e-05,34.0,72.33933149610657,65.53138093333332,27.48416,12.0,-135.4619481719977
case_040_sandstone,transformer,ok,checkpoint,False,rect_2d,rect_2d,none,sandstone,sandstone_medium,60.0,25.0,4.0,25.0,0.12,0.34,0.0,0.68,0.52,0.0,0.961421,0.275082,0.0,15.967,0.0,1.0,0.125553,0.001344409,733.471558,tokenset,oformer-baseline@best_model.pth,,,200,sandstone_medium,Sandstone (medium),sedimentary,2684.0,6170.0,3200.0,72339331496.10657,65531380933.33333,27484160000.0,2.5,850.0,1.2e-05,34.0,72.33933149610657,65.53138093333332,27.48416,12.0,15.966897229993492
