case_id,model_a,model_b,travel_time_ms_pred_abs_diff,travel_time_ms_pred_rel_diff,max_displacement_abs_diff,max_displacement_rel_diff,max_temperature_perturbation_abs_diff,max_temperature_perturbation_rel_diff,magnitude_abs_diff,magnitude_rel_diff
case_001_basalt,pinn,mgn,1.426102,0.9387870369754663,0.0020337898139241002,0.9941299208346421,3.15802325390625,0.983651508374059,0.9649490000000001,0.964948999999035
case_001_basalt,pinn,fno,1.0261019999999998,0.9169074873326389,66372.492175491,0.9999999998190666,119226.963138,0.9999995597725925,71744.745005,0.9999995114487775
case_001_basalt,pinn,transformer,0.024655999999999997,0.20958144911589555,0.0015731080000000001,0.9924239024675,364.47208,0.9998560124481239,0.9649490000000001,0.964948999999035
case_001_basalt,mgn,fno,0.40000000000000013,0.3574332716757747,66372.49014170119,0.9999999691770077,119223.8051147461,0.9999730722920718,71743.780056,0.9999860617037334
case_001_basalt,mgn,transformer,1.401446,11.912600727517658,0.0004606818139241001,0.2906295331092093,361.31405674609374,0.991192609375194,0.0,0.0
case_001_basalt,fno,transformer,1.0014459999999998,8.512512325248098,66372.490602383,41872297.47741693,118862.491058,326.0753919447072,71743.780056,71743.78005592825
case_002_basalt,pinn,mgn,1.427253,0.9395447274348856,0.0020335958139241,0.994035092350734,3.19301025390625,0.9945491530576168,0.964921,0.964920999999035
case_002_basalt,pinn,fno,1.027253,0.9179360015718862,66374.960925297,0.9999999998161505,119227.310625,0.9999998532215703,71747.00808300001,0.9999995110739279
case_002_basalt,pinn,transformer,0.025806999999999997,0.2193652034934262,0.001572915,0.9923015188823158,364.507311,0.9999519922938771,0.964921,0.964920999999035
case_002_basalt,mgn,fno,0.40000000000000013,0.3574332716757747,66374.95889170119,0.9999999691781541,119224.1176147461,0.9999730723626504,71746.043162,0.999986062143387
case_002_basalt,mgn,transformer,1.401446,11.912600727517658,0.0004606808139241002,0.29062871889251873,361.31430074609375,0.9911926152705494,0.0,0.0
case_002_basalt,fno,transformer,1.0014459999999998,8.512512325248098,66374.959352382,41873828.51655723,118862.803314,326.07603029248855,71746.043162,71746.04316192825
case_003_basalt,pinn,mgn,2.625109,0.9654365982733321,0.0020323518139241,0.9934270169178394,3.10554325390625,0.9673051970872066,0.964932,0.964931999999035
case_003_basalt,pinn,fno,1.425109,0.9381333561533955,66372.492174053,0.999999999797401,119226.910658,0.9999991196038963,71744.744988,0.9999995112118265
case_003_basalt,pinn,transformer,0.023663000000000003,0.2011407296572614,0.00157167,0.9915167139135366,364.41929400000004,0.9997120438576212,0.964932,0.964931999999035
case_003_basalt,mgn,fno,1.2,0.7899466127742332,66372.49014170119,0.9999999691770077,119223.8051147461,0.9999730722920718,71743.780056,0.9999860617037334
case_003_basalt,mgn,transformer,2.601446,22.112865934326333,0.0004606818139241001,0.2906295331092093,361.3137507460938,0.9911926019818273,0.0,0.0
case_003_basalt,fno,transformer,1.401446,11.912600727517658,66372.490602383,41872297.47741693,118862.491364,326.0756665082428,71743.780056,71743.78005592825
case_004_basalt,pinn,mgn,3.226102,0.9719838871494981,0.0020309278139241,0.9927309562936902,3.14490325390625,0.979564930552346,0.964827,0.9648269999990351
case_004_basalt,pinn,fno,1.626102,0.9459085911726867,66372.492172629,0.9999999997759464,119226.950018,0.9999994497304184,71744.744883,0.9999995097483054
case_004_basalt,pinn,transformer,0.024655999999999997,0.20958144911589555,0.001570246,0.9906183575151749,364.45896,0.9998200203609294,0.964827,0.9648269999990351
case_004_basalt,mgn,fno,1.6,0.9307249765859084,66372.49014170119,0.9999999691770077,119223.8051147461,0.9999730722920718,71743.780056,0.9999860617037334
case_004_basalt,mgn,transformer,3.2014460000000002,27.212998537730673,0.0004606818139241001,0.2906295331092093,361.31405674609374,0.991192609375194,0.0,0.0
case_004_basalt,fno,transformer,1.601446,13.612644928652436,66372.490602383,41872297.47741693,118862.491058,326.0753919447072,71743.780056,71743.78005592825
case_005_basalt,pinn,mgn,2.624204,0.9651037663332347,0.0020320488139241003,0.9932789085125606,3.05306325390625,0.950958885800354,0.964889,0.964888999999035
case_005_basalt,pinn,fno,1.424204,0.937537604749595,66372.49217375,0.9999999997928358,119226.858178,0.9999986794352004,71744.744945,0.9999995106124797
case_005_basalt,pinn,transformer,0.022758,0.1934480296471265,0.0015713659999999998,0.99132555535915,371.32293,0.9995761633460358,0.964889,0.964888999999035
case_005_basalt,mgn,fno,1.2,0.7899466127742332,66372.49014170119,0.9999999691770077,119223.8051147461,0.9999730722920718,71743.780056,0.9999860617037334
case_005_basalt,mgn,transformer,2.601446,22.112865934326333,0.00046068281392410023,0.29063034732692744,368.2698667460937,0.9913575239698131,0.0,0.0
case_005_basalt,fno,transformer,1.401446,11.912600727517658,66372.490602384,41872323.89333757,118855.535248,319.95104615714246,71743.780056,71743.78005592825
case_006_basalt,pinn,mgn,3.223939,0.9713322025009953,0.0020305518139241002,0.9925471650052913,3.01370325390625,0.9386991523352145,0.964772,0.9647719999990351
case_006_basalt,pinn,fno,1.623939,0.9446503673449647,66372.492172253,0.9999999997702813,119226.818818,0.9999983493086784,71744.74482800001,0.9999995089816992
case_006_basalt,pinn,transformer,0.022493,0.19119547108062293,0.001569869,0.9903811449822089,371.28357,0.999470208893427,0.964772,0.9647719999990351
case_006_basalt,mgn,fno,1.6,0.9307249765859084,66372.49014170119,0.9999999691770077,119223.8051147461,0.9999730722920718,71743.780056,0.9999860617037334
case_006_basalt,mgn,transformer,3.2014460000000002,27.212998537730673,0.00046068281392410023,0.29063034732692744,368.2698667460937,0.9913575239698131,0.0,0.0
case_006_basalt,fno,transformer,1.601446,13.612644928652436,66372.490602384,41872323.89333757,118855.535248,319.95104615714246,71743.780056,71743.78005592825
case_007_basalt,pinn,mgn,1.42625,0.9388844637243752,0.0020298488139241003,0.9922035339527794,3.14490325390625,0.979564930552346,0.96438,0.9643799999990356
case_007_basalt,pinn,fno,1.0262499999999999,0.917039737643159,66372.49217155,0.9999999997596896,119226.950018,0.9999994497304184,71744.74443600001,0.999999503517887
case_007_basalt,pinn,transformer,0.024803999999999993,0.21083948182473525,0.001569167,0.9899376506655738,364.45896,0.9998200203609294,0.96438,0.9643799999990356
case_007_basalt,mgn,fno,0.40000000000000013,0.3574332716757747,66372.49014170119,0.9999999691770077,119223.8051147461,0.9999730722920718,71743.780056,0.9999860617037334
case_007_basalt,mgn,transformer,1.401446,11.912600727517658,0.0004606818139241001,0.2906295331092093,361.31405674609374,0.991192609375194,0.0,0.0
case_007_basalt,fno,transformer,1.0014459999999998,8.512512325248098,66372.490602383,41872297.47741693,118862.491058,326.0753919447072,71743.780056,71743.78005592825
case_008_basalt,pinn,mgn,1.089167,0.9506082436247875,0.0020206948139241,0.9877289981708531,2.91857625390625,0.9090692827890174,0.963057,0.9630569999990369
case_008_basalt,pinn,fno,0.6891670000000001,0.9241161341870633,66372.492162396,0.999999999621771,119226.723691,0.9999975514442053,71744.743113,0.999999485077521
case_008_basalt,pinn,transformer,0.013266,0.1899022288361953,0.001560012,0.9841626726471989,371.18844299999995,0.9992141334560962,0.963057,0.9630569999990369
case_008_basalt,mgn,fno,0.4,0.5363670252273038,66372.49014170119,0.9999999691770077,119223.8051147461,0.9999730722920718,71743.780056,0.9999860617037334
case_008_basalt,mgn,transformer,1.075901,15.401477303414094,0.00046068281392410023,0.29063034732692744,368.2698667460937,0.9913575239698131,0.0,0.0
case_008_basalt,fno,transformer,0.6759010000000001,9.675494223776065,66372.490602384,41872323.89333757,118855.535248,319.95104615714246,71743.780056,71743.78005592825
case_009_basalt,pinn,mgn,2.027253,0.9566620577696291,0.0020329738139241,0.9937310546342867,3.19301025390625,0.9945491530576168,0.964923,0.964922999999035
case_009_basalt,pinn,fno,1.2272530000000001,0.9303785185234287,66374.960924675,0.9999999998067796,119227.310625,0.9999998532215703,71747.00808500001,0.9999995111018036
case_009_basalt,pinn,transformer,0.025806999999999997,0.2193652034934262,0.001572293,0.9919091190738424,364.507311,0.9999519922938771,0.964923,0.964922999999035
case_009_basalt,mgn,fno,0.7999999999999998,0.606478708806369,66374.95889170119,0.9999999691781541,119224.1176147461,0.9999730723626504,71746.043162,0.999986062143387
case_009_basalt,mgn,transformer,2.001446,17.012733330921996,0.0004606808139241002,0.29062871889251873,361.31430074609375,0.9911926152705494,0.0,0.0
case_009_basalt,fno,transformer,1.201446,10.21255652638288,66374.959352382,41873828.51655723,118862.803314,326.07603029248855,71746.043162,71746.04316192825
case_010_basalt,pinn,mgn,3.225371,0.9717636460593199,0.0020304708139241004,0.9925075716692267,3.07930325390625,0.9591320414437803,0.96476,0.9647599999990351
case_010_basalt,pinn,fno,1.625371,0.945483366199009,66372.492172172,0.999999999769061,119226.884418,0.9999988995195483,71744.744816,0.9999995088144396
case_010_basalt,pinn,transformer,0.023925000000000002,0.20336778756074797,0.001569789,0.9903300507215997,364.393054,0.9996400596228051,0.96476,0.9647599999990351
case_010_basalt,mgn,fno,1.6,0.9307249765859084,66372.49014170119,0.9999999691770077,119223.8051147461,0.9999730722920718,71743.780056,0.9999860617037334
case_010_basalt,mgn,transformer,3.2014460000000002,27.212998537730673,0.0004606818139241001,0.2906295331092093,361.3137507460938,0.9911926019818273,0.0,0.0
case_010_basalt,fno,transformer,1.601446,13.612644928652436,66372.490602383,41872297.47741693,118862.491364,326.0756665082428,71743.780056,71743.78005592825
case_011_granite,pinn,mgn,2.327174,0.9749228540519427,0.0020247558139241,0.9897140418468857,2.84503325390625,0.8861623321226875,0.97299,0.9729899999990269
case_011_granite,pinn,fno,1.127174,0.9495717898552614,66372.492166457,0.9999999996829559,119226.650148,0.9999969346125281,71744.753046,0.9999996235266178
case_011_granite,pinn,transformer,0.014853000000000005,0.1988007441784054,0.001363937,0.9848062780799677,279.677644,0.9986949259860555,0.97299,0.9729899999990269
case_011_granite,mgn,fno,1.2,1.0109230232655417,66372.49014170119,0.9999999691770077,119223.8051147461,0.9999730722920718,71743.780056,0.9999860617037334
case_011_granite,mgn,transformer,2.312321,30.949379625621383,0.0006608188139241001,0.4771323870719921,276.83261074609374,0.9885356575000203,0.0,0.0
case_011_granite,fno,transformer,1.112321,14.887917765116002,66372.49080252,47923068.025962055,118946.972504,424.74520380737926,71743.780056,71743.78005592825
case_012_granite,pinn,mgn,2.541395,0.9686298095701573,0.0020312008139241,0.9928644005004267,3.16989525390625,0.9873493629395605,0.974355,0.9743549999990255
case_012_granite,pinn,fno,1.3413950000000001,0.9421887039477094,66374.960922902,0.9999999997800677,119227.28751,0.999999659348233,71747.017517,0.9999996425636671
case_012_granite,pinn,transformer,0.022528999999999993,0.21489960413778883,0.001370383,0.9894597824883808,280.002628,0.9998549688270785,0.974355,0.9743549999990255
case_012_granite,mgn,fno,1.2,0.842873608994555,66374.95889170119,0.9999999691781541,119224.1176147461,0.9999730723626504,71746.043162,0.999986062143387
case_012_granite,mgn,transformer,2.518866,24.02695664592906,0.0006608178139241002,0.4771313205357827,276.83273274609377,0.9885356624944267,0.0,0.0
case_012_granite,fno,transformer,1.318866,12.580397767801017,66374.959552519,47924815.93942024,118947.284882,424.7461342318463,71746.043162,71746.04316192825
case_013_granite,pinn,mgn,3.289018,0.9706123559542801,0.0020315228139241,0.9930217962314491,3.08486925390625,0.9608657222483272,0.974535,0.9745349999990254
case_013_granite,pinn,fno,1.6890180000000001,0.944323524362927,66372.492173224,0.9999999997849109,119226.889984,0.9999989462035986,71744.754591,0.9999996450612856
case_013_granite,pinn,transformer,0.026238999999999985,0.20854063677092596,0.001370705,0.9896922766523929,279.917541,0.9995513513340918,0.974535,0.9745349999990254
case_013_granite,mgn,fno,1.5999999999999999,0.8945538999470005,66372.49014170119,0.9999999691770077,119223.8051147461,0.9999730722920718,71743.780056,0.9999860617037334
case_013_granite,mgn,transformer,3.262779,25.93170510700886,0.0006608178139241002,0.4771313205357827,276.83267174609375,0.988535659997224,0.0,0.0
case_013_granite,fno,transformer,1.662779,13.2153280029469,66372.490802519,47923033.42399351,118946.972443,424.74511107004764,71743.780056,71743.78005592825
case_014_granite,pinn,mgn,2.0877939999999997,0.9539399826642891,0.0020296948139241003,0.9921282577335947,2.95923525390625,0.9217336248357426,0.973957,0.973956999999026
case_014_granite,pinn,fno,1.2877939999999999,0.92740391228227,66372.492171396,0.9999999997573694,119226.76435,0.999997892465909,71744.754013,0.9999996370049502
case_014_granite,pinn,transformer,0.025014999999999996,0.19881260828631864,0.001368876,0.9883723945556091,279.79184599999996,0.9991027274688848,0.973957,0.973956999999026
case_014_granite,mgn,fno,0.7999999999999998,0.5761194180325548,66372.49014170119,0.9999999691770077,119223.8051147461,0.9999730722920718,71743.780056,0.9999860617037334
case_014_granite,mgn,transformer,2.062779,16.394422278962388,0.0006608188139241001,0.4771323870719921,276.83261074609374,0.9885356575000203,0.0,0.0
case_014_granite,fno,transformer,1.262779,10.03623372693141,66372.49080252,47923068.025962055,118946.972504,424.74520380737926,71743.780056,71743.78005592825
case_015_granite,pinn,mgn,2.089018,0.9544992440371933,0.0020336418139241,0.9940575774551658,3.10999625390625,0.9686922040262377,0.974794,0.9747939999990252
case_015_granite,pinn,fno,1.289018,0.9282853749918599,66372.492175343,0.9999999998168367,119226.915111,0.9999991569528142,71744.75485,0.9999996486713042
case_015_granite,pinn,transformer,0.026238999999999985,0.20854063677092596,0.001372824,0.9912222615391675,279.942668,0.9996410767822193,0.974794,0.9747939999990252
case_015_granite,mgn,fno,0.7999999999999998,0.5761194180325548,66372.49014170119,0.9999999691770077,119223.8051147461,0.9999730722920718,71743.780056,0.9999860617037334
case_015_granite,mgn,transformer,2.062779,16.394422278962388,0.0006608178139241002,0.4771313205357827,276.83267174609375,0.988535659997224,0.0,0.0
case_015_granite,fno,transformer,1.262779,10.03623372693141,66372.490802519,47923033.42399351,118946.972443,424.74511107004764,71743.780056,71743.78005592825
case_016_granite,pinn,mgn,2.0887399999999996,0.9543722222547852,0.0020300418139241002,0.9922978736300693,3.08486925390625,0.9608657222483272,0.974031,0.9740309999990259
case_016_granite,pinn,fno,1.28874,0.9280851734940936,66372.492171743,0.9999999997625973,119226.889984,0.9999989462035986,71744.75408700001,0.9999996380363844
case_016_granite,pinn,transformer,0.025960999999999984,0.20633116624909517,0.001369224,0.9886229479042508,279.917541,0.9995513513340918,0.974031,0.9740309999990259
case_016_granite,mgn,fno,0.7999999999999998,0.5761194180325548,66372.49014170119,0.9999999691770077,119223.8051147461,0.9999730722920718,71743.780056,0.9999860617037334
case_016_granite,mgn,transformer,2.062779,16.394422278962388,0.0006608178139241002,0.4771313205357827,276.83267174609375,0.988535659997224,0.0,0.0
case_016_granite,fno,transformer,1.262779,10.03623372693141,66372.490802519,47923033.42399351,118946.972443,424.74511107004764,71743.780056,71743.78005592825
case_017_granite,pinn,mgn,2.0843599999999998,0.9523709438125303,0.0020297478139241,0.992154164484353,2.66608925390625,0.8304253975397121,0.973968,0.9739679999990258
case_017_granite,pinn,fno,1.28436,0.9249309196803653,66372.492171449,0.999999999758168,119226.471204,0.999995433744633,71744.75402400001,0.9999996371582717
case_017_granite,pinn,transformer,0.02158099999999999,0.1715200839267256,0.001368929,0.9884106622561982,294.073407,0.9981521111478664,0.973968,0.9739679999990258
case_017_granite,mgn,fno,0.7999999999999998,0.5761194180325548,66372.49014170119,0.9999999691770077,119223.8051147461,0.9999730722920718,71743.780056,0.9999860617037334
case_017_granite,mgn,transformer,2.062779,16.394422278962388,0.0006608188139241001,0.4771323870719921,291.4073177460937,0.989102797085629,0.0,0.0
case_017_granite,fno,transformer,1.262779,10.03623372693141,66372.49080252,47923068.025962055,118932.397797,403.68364197226924,71743.780056,71743.78005592825
case_018_granite,pinn,mgn,2.928118,0.9802760865792018,0.0020245008139241003,0.9895893961592748,3.14959225390625,0.9810254460558531,0.973035,0.9730349999990269
case_018_granite,pinn,fno,1.3281180000000001,0.9575237521207428,66374.960916202,0.9999999996791261,119227.267207,0.9999994890600925,71747.016197,0.9999996241656964
case_018_granite,pinn,transformer,0.015797,0.21143576084200288,0.001363683,0.9846221710011747,279.982325,0.9997824693095665,0.973035,0.9730349999990269
case_018_granite,mgn,fno,1.5999999999999999,1.1535405765099098,66374.95889170119,0.9999999691781541,119224.1176147461,0.9999730723626504,71746.043162,0.999986062143387
case_018_granite,mgn,transformer,2.912321,38.98011055587407,0.0006608178139241002,0.4771313205357827,276.83273274609377,0.9885356624944267,0.0,0.0
case_018_granite,fno,transformer,1.312321,17.564828075200236,66374.959552519,47924815.93942024,118947.284882,424.7461342318463,71746.043162,71746.04316192825
case_019_granite,pinn,mgn,1.940729,0.9589998720161925,0.0020318168139241,0.9931655053771654,3.08867925390625,0.9620524494968582,0.974403,0.9744029999990256
case_019_granite,pinn,fno,1.1407289999999999,0.932195855032453,66372.492173518,0.9999999997893404,119226.893794,0.9999989781594435,71744.754459,0.9999996432214304
case_019_granite,pinn,transformer,0.021862999999999994,0.2085467639604278,0.001370999,0.9899045539325777,279.921351,0.9995649563787594,0.974403,0.9744029999990256
case_019_granite,mgn,fno,0.8,0.6537544710671531,66372.49014170119,0.9999999691770077,119223.8051147461,0.9999730722920718,71743.780056,0.9999860617037334
case_019_granite,mgn,transformer,1.918866,18.30367720686504,0.0006608178139241002,0.4771313205357827,276.83267174609375,0.988535659997224,0.0,0.0
case_019_granite,fno,transformer,1.118866,10.672637954779676,66372.490802519,47923033.42399351,118946.972443,424.74511107004764,71743.780056,71743.78005592825
case_020_granite,pinn,mgn,1.483023,0.9335402659315123,0.0020340898139241,0.9942765628200668,2.67446525390625,0.8330343286246715,0.974837,0.9748369999990251
case_020_granite,pinn,fno,1.083023,0.911174565728187,66372.492175791,0.9999999998235867,119228.2998925,0.9999955040658094,71744.754893,0.9999996492706511
case_020_granite,pinn,transformer,0.020243999999999984,0.1608939613091438,0.0013732710000000001,0.9915457255761486,300.864132,0.9982214841234117,0.974837,0.9748369999990251
case_020_granite,mgn,fno,0.3999999999999999,0.3365300887342879,66372.49014170119,0.9999999691770077,119225.6254272461,0.9999730727031875,71743.780056,0.9999860617037334
case_020_granite,mgn,transformer,1.4627789999999998,11.625780864939154,0.0006608188139241001,0.4771323870719921,298.18966674609374,0.989348014703033,0.0,0.0
case_020_granite,fno,transformer,1.062779,8.446686588923663,66372.49080252,47923068.025962055,118927.4357605,394.5831649611128,71743.780056,71743.78005592825
case_021_limestone,pinn,mgn,1.510465,0.9357545187360077,0.0020289928139241003,0.9917851154877009,3.09840325390625,0.9650812515348413,0.955317,0.9553169999990446
case_021_limestone,pinn,fno,1.1104649999999998,0.9145892495923836,66372.492170694,0.9999999997467925,119226.903518,0.9999990597181402,71744.735373,0.9999993771951079
case_021_limestone,pinn,transformer,0.028480999999999992,0.2154648066315479,0.0019939470000000003,0.9916419366318778,698.020583,0.9998394187786837,0.955317,0.9553169999990446
case_021_limestone,mgn,fno,0.40000000000000013,0.32944370136560236,66372.49014170119,0.9999999691770077,119223.8051147461,0.9999730722920718,71743.780056,0.9999860617037334
case_021_limestone,mgn,transformer,1.481984,11.211523331029387,3.5045813924100035e-05,0.017429198865634335,694.9221797460938,0.9954012893252323,0.0,0.0
case_021_limestone,fno,transformer,1.0819839999999998,8.185438479633044,66372.490176747,33008773.401675005,118528.882935,169.77987799855043,71743.780056,71743.78005592825
case_022_limestone,pinn,mgn,3.311724,0.9699944466701784,0.0020251648139241003,0.9899139637536816,3.14044225390625,0.9781754317975698,0.955182,0.9551819999990447
case_022_limestone,pinn,fno,1.711724,0.943531139342694,66372.492166866,0.9999999996891181,119226.945557,0.9999994123144018,71744.73523800001,0.999999375313438
case_022_limestone,pinn,transformer,0.029740000000000003,0.22498940870131795,0.001989783,0.9897364571679724,698.064453,0.9998996353884626,0.955182,0.9551819999990447
case_022_limestone,mgn,fno,1.6,0.8819469861661754,66372.49014170119,0.9999999691770077,119223.8051147461,0.9999730722920718,71743.780056,0.9999860617037334
case_022_limestone,mgn,transformer,3.281984,24.82890516231292,3.538181392410012e-05,0.017599241304913797,694.9240107460937,0.9954013013862879,0.0,0.0
case_022_limestone,fno,transformer,1.681984,12.724565756727557,66372.490177083,33014290.14183063,118528.881104,169.7794300935304,71743.780056,71743.78005592825
case_023_limestone,pinn,mgn,2.9412860000000003,0.9797053175735316,0.0020130498139241003,0.9839920715756134,3.1041582539062498,0.9668738014863625,0.953817,0.9538169999990461
case_023_limestone,pinn,fno,1.341286,0.9565480329329263,66372.492154751,0.9999999995065878,119226.909273,0.9999991079874017,71744.733873,0.9999993562876636
case_023_limestone,pinn,transformer,0.017562000000000008,0.22374539755865336,0.001977668,0.9837103441804809,698.0281689999999,0.9998476625968177,0.953817,0.9538169999990461
case_023_limestone,mgn,fno,1.6,1.1410518358446164,66372.49014170119,0.9999999691770077,119223.8051147461,0.9999730722920718,71743.780056,0.9999860617037334
case_023_limestone,mgn,transformer,2.923724,37.24916232386835,3.538181392410012e-05,0.017599241304913797,694.9240107460937,0.9954013013862879,0.0,0.0
case_023_limestone,fno,transformer,1.323724,16.86465964229192,66372.490177083,33014290.14183063,118528.881104,169.7794300935304,71743.780056,71743.78005592825
case_024_limestone,pinn,mgn,3.31283,0.9703183908931926,0.0020250278139241,0.9898469972470041,3.18715125390625,0.9927242095014113,0.955166,0.9551659999990447
case_024_limestone,pinn,fno,1.71283,0.9441407851968814,66374.960916729,0.9999999996870658,119227.304766,0.999999804080152,71746.998328,0.9999993751101366
case_024_limestone,pinn,transformer,0.030846,0.2333565333154288,0.001989645,0.9896683069625051,698.111895,0.9999665408674505,0.955166,0.9551659999990447
case_024_limestone,mgn,fno,1.6,0.8819469861661754,66374.95889170119,0.9999999691781541,119224.1176147461,0.9999730723626504,71746.043162,0.999986062143387
case_024_limestone,mgn,transformer,3.281984,24.82890516231292,3.538281392410003e-05,0.017599747468434533,694.9247437460938,0.9954013062146446,0.0,0.0
case_024_limestone,fno,transformer,1.681984,12.724565756727557,66374.958927084,33015534.543133587,118529.192871,169.77969840640625,71746.043162,71746.04316192825
case_025_limestone,pinn,mgn,3.1588390000000004,0.973446874025125,0.0020227258139241,0.9887217644121784,3.07252425390625,0.9570205390769057,0.954905,0.954904999999045
case_025_limestone,pinn,fno,1.5588389999999999,0.9476201881570211,66372.492164427,0.9999999996523712,119226.877639,0.9999988426616293,71744.73496100001,0.9999993714525299
case_025_limestone,pinn,transformer,0.02396999999999999,0.21764198483481498,0.00198768,0.9885251938012648,697.9947040000001,0.9998023498942572,0.954905,0.954904999999045
case_025_limestone,mgn,fno,1.6000000000000003,0.9726420118121462,66372.49014170119,0.9999999691770077,119223.8051147461,0.9999730722920718,71743.780056,0.9999860617037334
case_025_limestone,mgn,transformer,3.134869,28.463876151736834,3.5045813924100035e-05,0.017429198865634335,694.9221797460938,0.9954012893252323,0.0,0.0
case_025_limestone,fno,transformer,1.5348689999999998,13.936250964598571,66372.490176747,33008773.401675005,118528.882935,169.77987799855043,71743.780056,71743.78005592825
case_026_limestone,pinn,mgn,2.341872,0.9748802667534026,0.0020146078139241003,0.9847536322865857,3.17505725390625,0.9889572070489876,0.953871,0.9538709999990461
case_026_limestone,pinn,fno,1.141872,0.9498068149200019,66374.960906309,0.9999999995300789,119227.292672,0.9999997026436761,71746.997033,0.9999993570606124
case_026_limestone,pinn,transformer,0.018148000000000004,0.23121122166578068,0.0019792250000000003,0.9844853000650188,698.0998010000001,0.9999492175766832,0.953871,0.9538709999990461
case_026_limestone,mgn,fno,1.2,0.9981575674891776,66374.95889170119,0.9999999691781541,119224.1176147461,0.9999730723626504,71746.043162,0.999986062143387
case_026_limestone,mgn,transformer,2.323724,29.604973818277188,3.538281392410003e-05,0.017599747468434533,694.9247437460938,0.9954013062146446,0.0,0.0
case_026_limestone,fno,transformer,1.123724,14.316596807094866,66374.958927084,33015534.543133587,118529.192871,169.77969840640625,71746.043162,71746.04316192825
case_027_limestone,pinn,mgn,2.338004,0.9732700861492526,0.0020129288139241,0.9839329259748254,2.64331325390625,0.8233311981138478,0.953682,0.9536819999990462
case_027_limestone,pinn,fno,1.138004,0.9465894203607951,66372.49215463,0.9999999995047648,119228.2687405,0.9999952427867341,71744.73373800001,0.9999993544059936
case_027_limestone,pinn,transformer,0.014280000000000001,0.18193168643306962,0.001978587,0.9836586111541741,715.62189,0.9992080345675514,0.953682,0.9536819999990462
case_027_limestone,mgn,fno,1.2,0.9981575674891776,66372.49014170119,0.9999999691770077,119225.6254272461,0.9999730727031875,71743.780056,0.9999860617037334
case_027_limestone,mgn,transformer,2.323724,29.604973818277188,3.4341813924100226e-05,0.017073103679087907,712.9785767460937,0.9955172309768702,0.0,0.0
case_027_limestone,fno,transformer,1.123724,14.316596807094866,66372.490176043,32997220.493923448,118512.6468505,165.476756071403,71743.780056,71743.78005592825
case_028_limestone,pinn,mgn,1.510299,0.9356516793785183,0.0020291258139241,0.9918501267679057,3.09840325390625,0.9650812515348413,0.955332,0.9553319999990445
case_028_limestone,pinn,fno,1.110299,0.914452530456317,66372.492170827,0.9999999997487965,119226.903518,0.9999990597181402,71744.735388,0.9999993774041823
case_028_limestone,pinn,transformer,0.028314999999999993,0.21420898141821842,0.00199408,0.9917080810066139,698.020583,0.9998394187786837,0.955332,0.9553319999990445
case_028_limestone,mgn,fno,0.40000000000000013,0.32944370136560236,66372.49014170119,0.9999999691770077,119223.8051147461,0.9999730722920718,71743.780056,0.9999860617037334
case_028_limestone,mgn,transformer,1.481984,11.211523331029387,3.5045813924100035e-05,0.017429198865634335,694.9221797460938,0.9954012893252323,0.0,0.0
case_028_limestone,fno,transformer,1.0819839999999998,8.185438479633044,66372.490176747,33008773.401675005,118528.882935,169.77987799855043,71743.780056,71743.78005592825
case_029_limestone,pinn,mgn,1.509174,0.9349547259015573,0.0020288158139241,0.9916985967163002,3.04235125390625,0.9476223445178699,0.955297,0.9552969999990446
case_029_limestone,pinn,fno,1.1091739999999999,0.9135259700462262,66372.492170517,0.9999999997441259,119226.847466,0.9999985895897913,71744.735353,0.9999993769163419
case_029_limestone,pinn,transformer,0.027189999999999992,0.2056981177736662,0.001993887,0.9915544013329781,697.9612360000001,0.9997591291797691,0.955297,0.9552969999990446
case_029_limestone,mgn,fno,0.40000000000000013,0.32944370136560236,66372.49014170119,0.9999999691770077,119223.8051147461,0.9999730722920718,71743.780056,0.9999860617037334
case_029_limestone,mgn,transformer,1.481984,11.211523331029387,3.4928813924100036e-05,0.017370000997941205,694.9188847460938,0.9954012676204427,0.0,0.0
case_029_limestone,fno,transformer,1.0819839999999998,8.185438479633044,66372.49017663,33006852.826698467,118528.88623,169.78068403780622,71743.780056,71743.78005592825
case_030_limestone,pinn,mgn,1.51156,0.9364328867869165,0.0020240618139241,0.9893748100539366,3.14044225390625,0.9781754317975698,0.954763,0.9547629999990451
case_030_limestone,pinn,fno,1.1115599999999999,0.915491101724872,66372.492165763,0.9999999996725,119226.945557,0.9999994123144018,71744.734819,0.9999993694732918
case_030_limestone,pinn,transformer,0.02957599999999999,0.22374871391224538,0.00198868,0.9891878147721653,698.064453,0.9998996353884626,0.954763,0.9547629999990451
case_030_limestone,mgn,fno,0.40000000000000013,0.32944370136560236,66372.49014170119,0.9999999691770077,119223.8051147461,0.9999730722920718,71743.780056,0.9999860617037334
case_030_limestone,mgn,transformer,1.481984,11.211523331029387,3.538181392410012e-05,0.017599241304913797,694.9240107460937,0.9954013013862879,0.0,0.0
case_030_limestone,fno,transformer,1.0819839999999998,8.185438479633044,66372.490177083,33014290.14183063,118528.881104,169.7794300935304,71743.780056,71743.78005592825
case_031_sandstone,pinn,mgn,3.254495,0.9705202348334634,0.0020310828139241,0.992806721319493,3.01434725390625,0.9388997435026828,0.959721,0.9597209999990403
case_031_sandstone,pinn,fno,1.654495,0.9436188190493838,66372.492172784,0.9999999997782816,119226.819462,0.9999983547101386,71744.73977700001,0.9999994385793648
case_031_sandstone,pinn,transformer,0.026697,0.21263530142479561,0.001329696,0.9890539499877613,733.2795450000001,0.9997325569233426,0.959721,0.9597209999990403
case_031_sandstone,mgn,fno,1.5999999999999999,0.9125383337387022,66372.49014170119,0.9999999691770077,119223.8051147461,0.9999730722920718,71743.780056,0.9999860617037334
case_031_sandstone,mgn,transformer,3.227798,25.708648936897497,0.0007013868139241002,0.5217052610378329,730.2651977460938,0.995622881277607,0.0,0.0
case_031_sandstone,fno,transformer,1.627798,12.96502672167957,66372.490843088,49369159.746951714,118493.539917,161.55073525216164,71743.780056,71743.78005592825
case_032_sandstone,pinn,mgn,2.0568969999999998,0.955207488235334,0.0020337028139241,0.9940873946588689,3.15819525390625,0.9837050824125754,0.96006,0.9600599999990399
case_032_sandstone,pinn,fno,1.256897,0.9287295018063098,66372.492175404,0.9999999998177558,119226.96331,0.9999995612152186,71744.740116,0.9999994433044471
case_032_sandstone,pinn,transformer,0.029099,0.23176666427539153,0.001332313,0.9910027372689392,733.4192429999999,0.9999286748075907,0.96006,0.9600599999990399
case_032_sandstone,mgn,fno,0.7999999999999998,0.5911252882655044,66372.49014170119,0.9999999691770077,119223.8051147461,0.9999730722920718,71743.780056,0.9999860617037334
case_032_sandstone,mgn,transformer,2.0277979999999998,16.15093227548405,0.0007013898139241002,0.5217086566680166,730.2610477460937,0.9956228565117623,0.0,0.0
case_032_sandstone,fno,transformer,1.227798,9.779121167875086,66372.490843091,49369269.91244609,118493.544067,161.55165496819419,71743.780056,71743.78005592825
case_033_sandstone,pinn,mgn,2.905645,0.9796173563818845,0.0020207998139241,0.9877803228657519,2.66441025390625,0.8299024277102413,0.958436,0.9584359999990414
case_033_sandstone,pinn,fno,1.305645,0.9557448858130976,66372.492162501,0.9999999996233531,119228.2898375,0.9999954197321838,71744.738492,0.999999420668654
case_033_sandstone,pinn,transformer,0.014096999999999998,0.18908442202713355,0.001319413,0.981405253016631,733.8878599999999,0.9992564341659785,0.958436,0.9584359999990414
case_033_sandstone,mgn,fno,1.5999999999999999,1.171215619330642,66372.49014170119,0.9999999691770077,119225.6254272461,0.9999730727031875,71743.780056,0.9999860617037334
case_033_sandstone,mgn,transformer,2.891548,38.78461249512052,0.0007013868139241002,0.5217052610378329,731.2234497460937,0.9956285923190327,0.0,0.0
case_033_sandstone,fno,transformer,1.291548,17.323658019458062,66372.490843088,49369159.746951714,118494.4019775,161.34112586174507,71743.780056,71743.78005592825
case_034_sandstone,pinn,mgn,1.108123,0.9502796496353232,0.0020206128139241,0.9876889160281704,3.00571825390625,0.9362120087447893,0.95846,0.9584599999990414
case_034_sandstone,pinn,fno,0.708123,0.9243194770397097,66372.492162314,0.9999999996205355,119226.810833,0.9999982823356022,71744.738516,0.999999421003173
case_034_sandstone,pinn,transformer,0.016574999999999993,0.2223220752713157,0.0013192240000000001,0.9812661308817503,733.269085,0.9997207916922158,0.95846,0.9584599999990414
case_034_sandstone,mgn,fno,0.4,0.5221236858792666,66372.49014170119,0.9999999691770077,119223.8051147461,0.9999730722920718,71743.780056,0.9999860617037334
case_034_sandstone,mgn,transformer,1.091548,14.641038710000254,0.0007013888139241,0.5217075247896047,730.2633667460938,0.9956228703508315,0.0,0.0
case_034_sandstone,fno,transformer,0.6915479999999999,9.275800091084639,66372.49084309,49369233.19055999,118493.541748,161.55114103402462,71743.780056,71743.78005592825
case_035_sandstone,pinn,mgn,1.9096360000000001,0.9575321248072874,0.0020306068139241003,0.9925740493692858,2.86333525390625,0.8918629835931899,0.959674,0.9596739999990402
case_035_sandstone,pinn,fno,1.109636,0.9290858229411033,66372.492172308,0.9999999997711101,119228.4887625,0.9999970881624628,71744.73973,0.9999994379242647
case_035_sandstone,pinn,transformer,0.01991599999999999,0.19038150863493902,0.0013292199999999999,0.988699891857035,734.086785,0.9995272890158824,0.959674,0.9596739999990402
case_035_sandstone,mgn,fno,0.8,0.66983106023316,66372.49014170119,0.9999999691770077,119225.6254272461,0.9999730727031875,71743.780056,0.9999860617037334
case_035_sandstone,mgn,transformer,1.88972,18.06425710472069,0.0007013868139241002,0.5217052610378329,731.2234497460937,0.9956285923190327,0.0,0.0
case_035_sandstone,fno,transformer,1.08972,10.416877766100917,66372.490843088,49369159.746951714,118494.4019775,161.34112586174507,71743.780056,71743.78005592825
case_036_sandstone,pinn,mgn,1.910708,0.9580696484179616,0.0020307908139241,0.992663989787013,2.92842925390625,0.9121382653558878,0.959697,0.9596969999990402
case_036_sandstone,pinn,fno,1.110708,0.9299833965618157,66372.492172492,0.9999999997738822,119226.733544,0.9999976340848714,71744.739753,0.9999994382448455
case_036_sandstone,pinn,transformer,0.020987999999999993,0.20062899694868955,0.001329404,0.9888367546638703,733.267235,0.9996154573471091,0.959697,0.9596969999990402
case_036_sandstone,mgn,fno,0.8,0.66983106023316,66372.49014170119,0.9999999691770077,119223.8051147461,0.9999730722920718,71743.780056,0.9999860617037334
case_036_sandstone,mgn,transformer,1.88972,18.06425710472069,0.0007013868139241002,0.5217052610378329,730.3388057460937,0.9956233204995487,0.0,0.0
case_036_sandstone,fno,transformer,1.08972,10.416877766100917,66372.490843088,49369159.746951714,118493.466309,161.53442409998763,71743.780056,71743.78005592825
case_037_sandstone,pinn,mgn,1.4580899999999999,0.9386738734510495,0.0020304948139241003,0.9925193030280607,3.18870825390625,0.9932091791407716,0.959697,0.9596969999990402
case_037_sandstone,pinn,fno,1.05809,0.9174050224078207,66374.960922196,0.9999999997694311,119227.306323,0.9999998171392386,71747.002859,0.9999994382625649
case_037_sandstone,pinn,transformer,0.030292,0.2412686275896134,0.0013350249999999999,0.9886664649958147,733.448047,0.9999702755334378,0.959697,0.9596969999990402
case_037_sandstone,mgn,fno,0.3999999999999999,0.3468154967565408,66374.95889170119,0.9999999691781541,119224.1176147461,0.9999730723626504,71746.043162,0.999986062143387
case_037_sandstone,mgn,transformer,1.427798,11.372073944777327,0.0006954698139241002,0.5150373082478884,730.2593387460937,0.995622846312927,0.0,0.0
case_037_sandstone,fno,transformer,1.027798,8.186168390972847,66374.959587171,49154657.52273435,118493.858276,161.55245977398022,71746.043162,71746.04316192825
case_038_sandstone,pinn,mgn,3.109872,0.9735597218945146,0.0020287248139241,0.9916541153140547,2.86333525390625,0.8918629835931899,0.959427,0.9594269999990405
case_038_sandstone,pinn,fno,1.5098719999999999,0.9470254294742139,66369.351545426,0.9999999997427428,119229.0512625,0.9999970881762003,71741.723631,0.9999994344577324
case_038_sandstone,pinn,transformer,0.02015199999999999,0.19263748553983187,0.001327338,0.987300023365382,734.086785,0.9995272890158824,0.959427,0.9594269999990405
case_038_sandstone,mgn,fno,1.6,1.0035557233717443,66369.34951670119,0.9999999691755491,119226.1879272461,0.999973072830225,71740.764204,0.9999860611178009
case_038_sandstone,mgn,transformer,3.0897200000000002,29.535326112650342,0.0007013868139241002,0.5217052610378329,731.2234497460937,0.9956285923190327,0.0,0.0
case_038_sandstone,fno,transformer,1.48972,14.240567435410801,66369.350218088,49366823.68851303,118494.9644775,161.3418917577012,71740.764204,71740.76420392827
case_039_sandstone,pinn,mgn,2.308377,0.9756033340908483,0.0020225378139241,0.988629868767979,3.00571825390625,0.9362120087447893,0.958648,0.9586479999990412
case_039_sandstone,pinn,fno,1.108377,0.9504974693457772,66372.492164239,0.9999999996495385,119226.810833,0.9999982823356022,71744.738704,0.9999994236235727
case_039_sandstone,pinn,transformer,0.016828999999999997,0.22572900179432717,0.0013211490000000002,0.9826979857463884,733.269085,0.9997207916922158,0.958648,0.9586479999990412
case_039_sandstone,mgn,fno,1.2000000000000002,1.0290694982076791,66372.49014170119,0.9999999691770077,119223.8051147461,0.9999730722920718,71743.780056,0.9999860617037334
case_039_sandstone,mgn,transformer,2.291548,30.736754566747102,0.0007013888139241,0.5217075247896047,730.2633667460938,0.9956228703508315,0.0,0.0
case_039_sandstone,fno,transformer,1.091548,14.641038710000254,66372.49084309,49369233.19055999,118493.541748,161.55114103402462,71743.780056,71743.78005592825
case_040_sandstone,pinn,mgn,1.4570509999999999,0.9380049969382721,0.0020342438139241002,0.9943518390392515,3.15819525390625,0.9837050824125754,0.960167,0.9601669999990398
case_040_sandstone,pinn,fno,1.057051,0.9165041691549957,66372.492175945,0.9999999998259067,119226.96331,0.9999995612152186,71744.740223,0.9999994447958448
case_040_sandstone,pinn,transformer,0.029253,0.23299323791360627,0.001332854,0.9914051445717746,733.4192429999999,0.9999286748075907,0.960167,0.9601669999990398
case_040_sandstone,mgn,fno,0.3999999999999999,0.3468154967565408,66372.49014170119,0.9999999691770077,119223.8051147461,0.9999730722920718,71743.780056,0.9999860617037334
case_040_sandstone,mgn,transformer,1.427798,11.372073944777327,0.0007013898139241002,0.5217086566680166,730.2610477460937,0.9956228565117623,0.0,0.0
case_040_sandstone,fno,transformer,1.027798,8.186168390972847,66372.490843091,49369269.91244609,118493.544067,161.55165496819419,71743.780056,71743.78005592825
