epoch,learning_rate,train_loss,train_mae,train_relative_l2,train_rmse,val_loss,val_mae,val_relative_l2,val_rmse
1,0.001,768631478681.6244,296077.7853085804,1.0013701820373535,859002.9710147381,738516250939.133,284656.45544411585,1.0001074625895574,825655.7575643796
2,0.001,768432202055.7186,296069.29350272176,0.9992085552215576,858891.6690846443,738516190444.3645,284656.4581129643,0.9984303621145395,825655.7194978228
3,0.001,768648989900.8257,296078.1161438942,0.997646918296814,859012.7967448282,738516089619.7507,284656.44346142735,0.9967835316291223,825655.662757062
4,0.001,768583836631.0674,296075.40243357775,0.9963732671737671,858976.4027849818,738515928300.3717,284656.43320265185,0.9956613595669086,825655.5697137805
5,0.001,768608577781.8165,296073.09379033087,0.996991868019104,858990.1823827171,738515504837.0187,284656.4555065815,1.0035516298734224,825655.3545167721
6,0.001,768746659512.5145,296080.76961629867,1.022788519859314,859067.4129940319,738514335271.703,284656.4375913602,1.0800426006317139,825654.7714314827
7,0.001,768605867213.5948,296077.04412281036,1.1463926124572754,858988.8630981254,738511391194.1023,284656.10263131215,1.3954094373262846,825653.2992912806
8,0.001,768458599959.8132,296069.6822451401,1.7097184753417969,858906.76484375,738504656116.1163,284654.87291306717,2.2636533883901744,825649.9668769103
9,0.001,768429077315.8165,296057.74030685425,3.085263481140137,858890.6699158478,738490278558.6028,284652.77046541066,4.216796288123498,825642.9173227457
10,0.001,768452497343.0736,296062.50084106444,4.868154544830322,858904.9388972473,738462551931.2515,284648.75497671275,8.148606006915752,825629.4176547711
11,0.001,768478329239.3148,296061.41529266356,10.178275947570802,858921.0174557496,738411978842.6238,284642.0274763841,15.499310126671425,825604.8302624042
12,0.001,768413113967.2987,296053.3429748535,17.91580909729004,858887.9909326172,738325452964.7179,284634.00510230433,28.478387979360726,825562.9631558931
13,0.001,768608524574.3572,296067.98848205566,29.555309143066406,859003.472845459,738184687065.2476,284632.5557239239,50.13455493633564,825495.0463749812
14,0.001,768328079155.8313,296058.0142333984,51.90923858642578,858854.5344384765,737965368102.8582,284636.5422574557,84.59931124173679,825389.6086942232
15,0.001,767976457806.94,296053.84427490237,85.98675231933593,858671.412458496,737628429942.0577,284644.4228633,137.6078608586238,825227.5602886493
16,0.001,767407192774.09,296056.4917150879,136.42561614990234,858372.7247119141,737136837636.9327,284656.2274592473,215.7732872596154,824991.4793607271
17,0.001,766710115630.75,296051.59595214843,231.03882263183593,858009.3450488282,736432451598.2307,284672.36299015925,327.9163818359375,824653.035569411
18,0.001,766220163551.4,296086.70219726564,311.8663317871094,857778.9661035156,735459540551.4615,284695.1141263522,484.12843205378607,824185.8982684796
19,0.001,764990851829.76,296099.85682617186,435.3271008300781,857148.0580273437,734144973892.1538,284726.3407076322,696.8124812199519,823554.8600510817
20,0.001,763629092854.4,296154.3365625,638.6457446289063,856455.32234375,732435680100.0,284770.37528170075,979.7498309795673,822736.6654897836
21,0.001,761591379606.72,296167.6378027344,850.2726684570313,855406.53015625,730200081843.0769,284826.8599571815,1351.1819598858174,821665.0070612981
22,0.001,759330109310.4,296250.8294921875,1420.4825244140625,854246.80359375,727372882675.6923,284902.0940880409,1829.1471041165864,820310.7370042067
23,0.001,755387921532.8,296163.1462109375,1621.428330078125,852187.5808203125,723725001303.3846,284989.91962139425,2439.395695612981,818553.1896784856
24,0.001,751142091804.16,296161.3746484375,2107.997470703125,849997.4965625,719128977245.5385,285092.6449819711,3210.4190955528848,816329.7052283654
25,0.001,746697171970.56,296378.3264453125,2708.0883984375,847725.34578125,713593487000.6154,285224.5411658654,4161.113844651442,813649.2503004808
26,0.001,740733738536.96,296486.36796875,3996.121298828125,844620.7615625,707037349612.3077,285389.642578125,5314.530874399038,810468.1811899039
27,0.001,734259698667.52,296829.2516015625,4323.14501953125,841310.265,699395841792.0,285597.6948617789,6696.972881610577,806751.2998798077
28,0.001,725128304005.12,296704.26921875,5472.97359375,836441.9959375,690511929895.3846,285842.88221153844,8336.527794471154,802405.4567307692
29,0.001,715518660935.68,296851.84953125,7178.21177734375,831350.3875,680240449890.4615,286120.94696514425,10256.016376201924,797335.1688701923
30,0.001,704943297822.72,297162.929296875,9124.6365234375,825663.555,668888415074.4615,286455.98798076925,12462.63506610577,791701.9302884615
31,0.001,692523075051.52,297304.178203125,11072.745234375,819009.41625,656411628780.3077,286840.28936298075,14967.45703125,785456.5865384615
32,0.001,679736905195.52,297694.9740625,11661.925546875,812190.1503125,643010228066.4615,287283.1538461539,17767.216947115383,778687.6015625
33,0.001,665831536394.24,298088.25390625,15301.5828515625,804387.68125,628770068952.6154,287773.21033653844,20847.243689903848,771408.1550480769
34,0.001,648950711828.48,297664.81296875,16018.93625,795041.791875,613800073846.1538,288298.78515625,24190.41346153846,763643.0396634615
35,0.001,636134475366.4,299034.0125,18958.012578125,787903.564375,598936456113.2307,288893.7481971154,27711.826021634617,755850.8016826923
36,0.001,618874039336.96,298735.76,20997.19703125,778055.83,583994333656.6154,289522.7451923077,31380.684795673078,747886.7824519231
37,0.001,604110154137.6,299373.875,23499.39953125,769508.559375,569510128088.6154,290205.2992788461,35110.12680288462,740048.8161057692
38,0.001,588438684794.88,299519.6528125,29295.40828125,760058.978125,555388085169.2307,290892.07872596156,38839.831730769234,732251.7247596154
39,0.001,577299342950.4,301225.0746875,28819.600625,753707.8675,542401142784.0,291654.3798076923,42465.846754807695,724979.5961538461
40,0.001,560990091345.92,300601.989375,31418.30484375,743559.7275,530162253824.0,292410.8257211539,45941.622596153844,717983.0793269231
41,0.001,547684388044.8,300857.54125,35127.6203125,735214.17125,518406917198.7692,293132.55889423075,49244.0078125,711093.7644230769
42,0.001,536987612282.88,301875.8075,35781.9590625,728662.3075,507617527020.3077,293883.1610576923,52309.72536057692,704644.09375
43,0.001,524261652561.92,301729.34,39359.33453125,720339.8975,497711839389.53845,294622.9711538461,55135.660456730766,698606.3581730769
44,0.001,512491973509.12,301692.4175,39821.13640625,712650.63625,488049203357.53845,295288.61057692306,57772.754206730766,692567.4567307692
45,0.001,501893506007.04,301852.45875,44987.64265625,705561.91,479118686995.6923,295950.36298076925,60201.42848557692,686883.9230769231
46,0.001,492656432906.24,302254.56,43345.170625,699550.97125,470602038035.6923,296568.0961538461,62461.185096153844,681355.4975961539
47,0.001,488633279447.04,304524.985,47813.17015625,696653.7025,463301536846.7692,297213.82932692306,64457.1953125,676560.0456730769
48,0.001,477880431411.2,303733.5975,45979.84171875,689402.59375,456554935847.38464,297861.51682692306,66357.32151442308,672077.1875
49,0.001,469242318028.8,303522.74125,49609.19578125,683205.41875,450339574705.2308,298465.5096153846,68134.18028846153,667894.0240384615
50,0.001,464318401085.44,304592.3325,49996.9515625,679926.6975,444579000635.0769,299031.22596153844,69817.04266826923,663972.5240384615
51,0.001,456940682608.64,304428.955,56848.27328125,674487.2925,439407619150.7692,299566.125,71353.05588942308,660413.4903846154
52,0.001,449285318246.4,303909.23625,51153.7984375,669203.135,434408611209.8461,300034.8149038461,72858.20012019231,656933.7884615385
53,0.001,443871511838.72,304108.85875,58366.93875,665087.40375,429905181459.6923,300456.36298076925,74213.69711538461,653764.8798076923
54,0.001,441227980308.48,305201.945,52812.045,663425.3075,425912316219.0769,300887.1586538461,75517.03004807692,650941.6875
55,0.001,437278735073.28,305569.30125,53460.844375,660593.47875,422692068745.8461,301339.57451923075,76659.27163461539,648659.7692307692
56,0.001,435347848560.64,306474.381875,54652.93703125,659133.86625,419884161181.53845,301763.07932692306,77693.78245192308,646658.5096153846
57,0.001,427027211878.4,304619.086875,59594.8546875,652856.6675,417183044529.2308,302103.8125,78664.10697115384,644713.2836538461
58,0.001,427383942021.12,306171.2225,55780.305,653300.6825,414715039428.9231,302411.38701923075,79601.88341346153,642927.7956730769
59,0.001,422614712975.36,305464.64125,58753.07375,649598.54,412587019972.9231,302697.1850961539,80443.75600961539,641381.4807692308
60,0.001,421067649187.84,305971.465625,56750.1346875,648484.7175,410834178993.2308,302993.9975961539,81204.21875,640108.1634615385
61,0.001,421085722705.92,306935.71625,58767.8378125,648506.2275,409442592610.46155,303301.57091346156,81888.01201923077,639101.2115384615
62,0.001,416617157099.52,305994.1075,59919.9734375,645061.9825,408162624118.1539,303565.4747596154,82510.05649038461,638169.125
63,0.001,416534125608.96,306714.111875,69343.905,644934.315,407023706742.1539,303814.19951923075,83080.359375,637336.75
64,0.001,417065553100.8,307657.7525,58660.96375,645557.53,405969781996.3077,304021.93028846156,83633.35817307692,636564.6057692308
65,0.001,415228168765.44,307495.544375,67371.348125,644063.3475,405316932529.2308,304267.4471153846,84061.00600961539,636094.4423076923
66,0.001,412549680988.16,306953.99875,68244.31125,641966.9825,404581323697.2308,304453.7632211539,84478.71995192308,635554.9423076923
67,0.001,409499252817.92,306164.77,65503.6103125,639649.355,403705334232.61536,304565.51201923075,84897.37620192308,634901.5096153846
68,0.001,408406801776.64,306129.1475,60233.0790625,638844.8125,402994490446.7692,304681.60576923075,85274.11538461539,634373.0576923077
69,0.001,409007213772.8,306782.31125,59378.6925,639405.1025,402296950468.9231,304760.97596153844,85592.21514423077,633848.8125
70,0.001,407298038824.96,306413.735,63698.8834375,637942.1475,401754365321.8461,304853.25,85864.77524038461,633442.5096153846
71,0.001,404546339471.36,305590.3525,65505.3509375,635794.26,401168899465.8461,304908.1850961539,86143.97596153847,633000.8557692308
72,0.001,408068064542.72,307309.51,66134.384375,638557.3775,400639121565.53845,304953.5336538461,86386.15264423077,632599.75
73,0.001,410225889771.52,308438.7125,61155.24125,640352.1225,400398599404.3077,305066.09375,86583.37139423077,632424.4567307692
74,0.001,407990729441.28,307718.1825,60338.1678125,638615.8425,400232715185.2308,305170.35096153844,86706.57451923077,632303.5961538461
75,0.001,404020377681.92,306261.1225,64342.3559375,635419.0575,399994567443.6923,305242.16346153844,86857.33413461539,632126.3317307692
76,0.001,404209379573.76,306517.47,61001.2621875,635645.635,399676039798.1539,305282.88942307694,87032.13822115384,631885.7644230769
77,0.001,408867342909.44,308592.44875,64545.514375,639232.7225,399599806306.46155,305375.0336538461,87117.80649038461,631832.3605769231
78,0.001,406684022865.92,307813.71375,73831.3828125,637482.0075,399624130244.9231,305485.7764423077,87211.10096153847,631858.8461538461
79,0.001,406871335239.68,307993.275,62893.195,637710.19,399513878528.0,305560.79807692306,87359.734375,631781.4038461539
80,0.001,405631736217.6,307627.675,65965.133125,636746.685,399474067928.61536,305645.04326923075,87468.65384615384,631757.3557692308
81,0.001,408660979220.48,308958.1425,71109.0721875,639095.47,399585776561.2308,305750.13942307694,87517.77644230769,631850.3269230769
82,0.001,402894422016.0,306665.765,61980.3515625,634620.575,399524744900.9231,305808.0,87613.18509615384,631808.2259615385
83,0.001,402481315840.0,306575.2225,64020.1853125,634247.7175,399315511138.46155,305812.5336538461,87711.15144230769,631648.1201923077
84,0.001,401736657797.12,306355.4775,71949.1240625,633621.4,398965324563.6923,305767.77403846156,87840.60216346153,631377.7932692308
85,0.001,405505158676.48,307977.105,71737.1659375,636653.395,398746719153.2308,305761.8533653846,87946.86057692308,631210.1490384615
86,0.001,401373922590.72,306355.48,62073.9946875,633445.9575,398656682771.6923,305780.90625,88006.59855769231,631142.6009615385
87,0.001,405613594542.08,308132.9225,63119.5575,636716.605,398688528226.46155,305864.98557692306,88058.38221153847,631171.1442307692
88,0.001,406051609640.96,308395.05625,61535.53125,637134.3475,398717359025.2308,305888.1201923077,88074.75360576923,631195.6826923077
89,0.001,405795017850.88,308308.44,67478.9278125,636863.8925,398956308322.46155,305993.7764423077,88070.03725961539,631386.1057692308
90,0.001,406230821765.12,308512.795,69751.4109375,637148.215,399184222365.53845,306097.1153846154,88092.953125,631569.0576923077
91,0.001,401113064407.04,306492.5675,67158.6384375,633173.3475,399217408787.6923,306151.63221153844,88179.49038461539,631600.3076923077
92,0.001,403006931599.36,307280.935,64495.7065625,634714.9725,399123016782.7692,306165.0408653846,88275.34615384616,631530.2307692308
93,0.001,401062572851.2,306534.08,68075.04875,633150.1425,399069511680.0,306183.08173076925,88352.06009615384,631491.9807692308
94,0.001,403436883148.8,307534.49375,67386.0609375,635042.065,398918509174.1539,306162.07932692306,88399.20192307692,631374.4326923077
95,0.001,403992874844.16,307791.62375,61594.3834375,635506.6975,398923157188.9231,306192.41346153844,88439.859375,631380.3221153846
96,0.001,401678469693.44,306886.08,67972.01125,633618.855,399009720162.46155,306236.5841346154,88442.61538461539,631449.6057692308
97,0.001,402333779886.08,307165.5425,62800.8740625,634214.3575,398948756558.7692,306241.35096153844,88493.8125,631403.8701923077
98,0.001,406770898698.24,309019.6775,67629.23,637635.8875,399169517095.38464,306321.84375,88458.67427884616,631577.8461538461
99,0.001,402770838159.36,307363.7825,67389.1496875,634516.0125,399284888182.1539,306374.33173076925,88464.74038461539,631669.9903846154
100,0.001,401421993246.72,306842.135,61954.883125,633486.05,399183546840.61536,306363.51442307694,88515.14783653847,631592.1682692308
101,0.001,403307634360.32,307642.94,65744.884375,634923.97,399162615650.46155,306368.00721153844,88527.140625,631576.2980769231
102,0.001,401410886205.44,306900.98375,68187.210625,633426.1,399045636411.0769,306349.1538461539,88566.10096153847,631485.2644230769
103,0.001,403865209405.44,307923.5675,61699.123125,635426.935,399012976797.53845,306351.1298076923,88592.64663461539,631460.7259615385
104,0.001,401374402314.24,306897.6,66889.525,633444.03,399096888083.6923,306388.04807692306,88595.17307692308,631527.6923076923
105,0.001,403332684840.96,307701.0025,62134.07375,635003.765,399118388932.9231,306414.8533653846,88613.69951923077,631545.7980769231
106,0.001,404200146862.08,308058.8775,62357.809375,635694.8925,399233817993.8461,306463.42548076925,88622.63221153847,631638.0432692308
107,0.001,402782735564.8,307500.50625,64543.2465625,634549.6075,399315135566.7692,306486.8701923077,88601.30528846153,631701.8413461539
108,0.001,402042692567.04,307219.2575,64932.155625,633955.3075,399163480221.53845,306437.8774038461,88591.3125,631581.0336538461
109,0.001,401512641331.2,306986.9875,68667.086875,633532.3375,399030056487.38464,306404.26442307694,88613.99519230769,631476.4326923077
110,0.001,401853823057.92,307190.6075,61948.7990625,633821.36,398948418796.3077,306388.7548076923,88640.50961538461,631412.9807692308
111,0.001,404092933898.24,308050.8125,62666.055625,635588.7425,399039554166.1539,306422.5288461539,88635.81610576923,631485.2836538461
112,0.001,403131266498.56,307708.6975,63091.35875,634810.675,399102645169.2308,306454.1274038461,88637.63100961539,631535.5480769231
113,0.001,400874982604.8,306798.88,62178.38625,633072.4325,399142065073.2308,306476.1201923077,88657.57091346153,631567.8125
114,0.001,404791212113.92,308374.70375,66880.6146875,636121.0275,399322538614.1539,306540.91346153844,88649.60336538461,631710.8173076923
115,0.001,404182487531.52,308127.26625,61578.34125,635679.955,399374657378.46155,306558.5721153846,88647.15264423077,631752.1971153846
116,0.001,401244347432.96,306910.6575,64409.5365625,633337.3575,399395838109.53845,306570.29807692306,88651.01802884616,631769.3317307692
117,0.001,405088031211.52,308509.4075,64150.6709375,636360.695,399536007010.46155,306620.5336538461,88651.82692307692,631880.625
118,0.001,402726909378.56,307545.10625,65291.24375,634486.9225,399683596603.0769,306676.91346153844,88667.34735576923,631998.5625
119,0.001,403219504168.96,307742.965,64666.26625,634896.42,399728851731.6923,306702.875,88695.87379807692,632035.8413461539
120,0.001,403992564203.52,308082.9825,69555.5175,635464.845,399872315076.9231,306753.82692307694,88699.26322115384,632149.8125
121,0.001,400859128135.68,306798.555,62622.07875,633040.345,399781754407.38464,306738.3173076923,88737.05769230769,632079.6923076923
122,0.001,403612885319.68,307946.75875,67222.0653125,635202.3625,399872486478.7692,306789.11057692306,88773.85576923077,632153.3365384615
123,0.001,404402477465.6,308296.68375,61588.9203125,635849.63,400003671906.46155,306846.70192307694,88785.10096153847,632257.8894230769
124,0.001,402210873671.68,307402.44,62937.4828125,634111.02,400154394624.0,306886.1923076923,88789.85216346153,632377.6105769231
125,0.001,401920035389.44,307279.6125,67260.036875,633858.725,400265541159.38464,306926.8846153846,88806.36538461539,632466.4903846154
126,0.001,401173695692.8,306970.42375,62176.2046875,633311.71,400272684583.38464,306942.3125,88848.58774038461,632474.1057692308
127,0.001,403549483171.84,307946.1775,61549.8828125,635163.3725,400373960388.9231,306982.31971153844,88866.70192307692,632555.1634615385
128,0.001,403456823132.16,307916.69125,61949.3384375,635105.2625,400499292947.6923,307024.95673076925,88860.65745192308,632654.1971153846
129,0.001,402233593692.16,307386.2775,64393.629375,634122.9375,400585256014.7692,307057.3846153846,88862.58293269231,632722.3701923077
130,0.001,402405575884.8,307511.50625,65025.681875,634252.3175,400714525774.7692,307108.5336538461,88885.38221153847,632825.7307692308
131,0.001,401716133232.64,307240.865,62007.1525,633741.8425,400689901883.0769,307106.7788461539,88903.203125,632807.0913461539
132,0.001,402817957232.64,307691.4775,65806.570625,634569.505,400728779854.7692,307134.81971153844,88904.63581730769,632837.9519230769
133,0.001,401437533143.04,307101.66,65108.455625,633487.535,400675615035.0769,307117.3798076923,88924.19711538461,632796.9182692308
134,0.001,401820577955.84,307279.4475,78078.99875,633785.9075,400616446109.53845,307099.4471153846,88937.41586538461,632750.7259615385
135,0.001,400775036272.64,306858.3325,73721.0409375,632974.8975,400475130328.61536,307060.4423076923,88958.18269230769,632639.8509615385
136,0.001,402254059274.24,307468.82875,66358.99,634143.06,400377690899.6923,307030.82692307694,88963.09615384616,632563.0192307692
137,0.001,402166002483.2,307443.2875,61413.5690625,634093.87,400435380224.0,307056.3461538461,88972.36899038461,632609.1105769231
138,0.001,401012977827.84,306963.2325,65325.7021875,633148.36,400429466860.3077,307055.41826923075,88971.08774038461,632604.3942307692
139,0.001,402169863864.32,307464.575,65859.6078125,634064.9875,400385464477.53845,307042.39423076925,88980.05408653847,632570.0144230769
140,0.001,401382590382.08,307141.47,66286.853125,633462.0775,400321589563.0769,307024.10576923075,88983.26201923077,632519.6009615385
141,0.001,404946094653.44,308593.12125,62254.6975,636287.445,400413113107.6923,307054.32692307694,88976.79927884616,632591.9230769231
142,0.001,403681733509.12,308063.36375,64153.6946875,635258.3975,400677389548.3077,307136.5096153846,88948.72115384616,632799.8076923077
143,0.001,401555011665.92,307227.71,68862.04625,633572.815,400755079955.6923,307164.91826923075,88946.19110576923,632861.2307692308
144,0.001,402992499261.44,307812.025,61783.1946875,634732.095,400813260800.0,307194.6346153846,88965.14783653847,632908.0673076923
145,0.001,401466819870.72,307185.1175,66175.35625,633523.5725,400865084652.3077,307220.48076923075,88986.23798076923,632950.0336538461
146,0.001,401916784803.84,307352.69125,72866.6346875,633891.2375,400930716435.6923,307248.3149038461,89006.10456730769,633002.7692307692
147,0.001,401416870952.96,307163.2725,71021.565,633477.5925,400981592536.61536,307264.51682692306,89007.98076923077,633043.0673076923
148,0.001,401332433059.84,307143.24875,72933.2696875,633400.72,401014864659.6923,307280.7524038461,89033.91706730769,633070.5096153846
149,0.001,400373385789.44,306745.2475,65661.9340625,632652.675,400820391620.9231,307221.75,89050.96153846153,632917.5096153846
150,0.001,401944267980.8,307409.5175,61450.0771875,633921.65,400664017683.6923,307176.57692307694,89059.46875,632794.1826923077
151,0.001,402433757675.52,307625.10125,72989.8996875,634259.6675,400726292007.38464,307195.17307692306,89043.61538461539,632842.8509615385
152,0.001,403497243115.52,308074.345,68220.7340625,635103.6375,400758197956.9231,307201.33653846156,89028.49519230769,632867.5576923077
153,0.001,403005135912.96,307847.025,66221.47375,634719.25,400765396834.46155,307204.5913461539,89014.93629807692,632872.7211538461
154,0.001,402651596718.08,307696.1675,62060.055625,634477.6625,400797194397.53845,307217.32932692306,89020.91947115384,632898.1394230769
155,0.001,400704493322.24,306897.415,75425.8940625,632901.205,400716207025.2308,307193.70432692306,89009.04447115384,632833.6586538461
156,0.001,399502095155.2,306426.7075,68035.9875,631961.32,400484973331.6923,307120.07932692306,89023.15745192308,632651.3557692308
157,0.001,400652000296.96,306869.735,67544.758125,632869.55,400220291072.0,307035.67307692306,89040.60456730769,632442.7596153846
158,0.001,401608160051.2,307310.715,65137.3734375,633637.85,400162079980.3077,307032.69951923075,89053.12019230769,632397.1586538461
159,0.001,403314768609.28,307997.07125,64040.9603125,634979.15,400098661297.2308,307001.7475961539,89039.32572115384,632346.3653846154
160,0.001,401944667750.4,307420.42125,64842.81,633903.31,400115209137.2308,306999.73076923075,89001.76802884616,632357.8173076923
161,0.001,401327804907.52,307155.80625,75155.978125,633390.045,400120313383.38464,306995.86298076925,88981.42307692308,632360.8894230769
162,0.001,402777365544.96,307775.6,63046.1265625,634560.0225,400023814144.0,306969.8966346154,88997.87860576923,632285.2596153846
163,0.001,401423718154.24,307234.415,61762.3053125,633491.5825,400055836041.8461,306980.1153846154,88988.99879807692,632310.2548076923
164,0.001,401030017187.84,307073.8175,63967.1809375,633169.2275,400083545166.7692,306988.8221153846,88983.54927884616,632331.8798076923
165,0.001,401787241103.36,307365.49,68038.4525,633747.0275,400100466057.8461,307000.36057692306,88996.47836538461,632345.9278846154
166,0.001,400263972126.72,306734.69875,62881.63125,632584.5675,399911954274.46155,306944.61057692306,89020.78966346153,632197.7067307692
167,0.001,404961953054.72,308665.07375,63060.980625,636277.16,400031991020.3077,306989.7860576923,89009.35216346153,632292.3798076923
168,0.001,400878433730.56,306992.8525,67841.5325,633042.605,400028331086.7692,306984.54807692306,88972.09014423077,632287.7259615385
169,0.001,402978997534.72,307861.2075,68120.1340625,634702.995,400032298535.38464,306987.01923076925,88966.91225961539,632290.7067307692
170,0.001,402798578237.44,307772.36625,67868.6434375,634552.885,400189080812.3077,307040.4975961539,88982.36778846153,632415.5480769231
171,0.001,401207765237.76,307131.15625,65422.819375,633323.49,400242522899.6923,307059.04807692306,89004.08413461539,632458.8990384615
172,0.001,402270158848.0,307566.95125,69697.5178125,634155.7675,400220258304.0,307049.07692307694,88999.20192307692,632441.1105769231
173,0.001,404178551439.36,308347.53,66267.988125,635660.0675,400314925056.0,307076.8966346154,88976.99158653847,632515.0769230769
174,0.001,402109434429.44,307513.39,67667.7515625,634028.815,400342855995.0769,307088.0961538461,88967.97475961539,632536.8653846154
175,0.001,401319603732.48,307184.53,65588.3290625,633396.5475,400314476386.46155,307080.8701923077,88962.13221153847,632514.2115384615
176,0.001,402548225474.56,307699.52,62695.88625,634388.36,400361198513.2308,307095.65625,88970.72355769231,632551.5384615385
177,0.001,402385162731.52,307618.24875,61659.049375,634264.225,400423992083.6923,307117.73317307694,88963.390625,632600.9951923077
178,0.001,402240199720.96,307543.79,61738.8884375,634135.96,400566795027.6923,307164.82932692306,88971.03004807692,632714.3557692308
179,0.001,401862767411.2,307412.96875,61561.66125,633852.8375,400701335394.46155,307216.8221153846,88993.67548076923,632821.7259615385
180,0.001,403130738278.4,307925.265,75589.9715625,634830.585,400790061056.0,307248.0096153846,88992.72355769231,632891.8365384615
181,0.001,400512149094.4,306856.0875,62675.6053125,632765.535,400661479424.0,307208.20673076925,88995.86778846153,632790.3028846154
182,0.001,398921842032.64,306224.0575,65015.7059375,631513.97,400483650008.61536,307166.125,89018.33653846153,632650.6490384615
183,0.001,401137753128.96,307158.825,62750.3625,633273.035,400287851126.1539,307101.31971153844,89040.66826923077,632496.7163461539
184,0.001,403484206694.4,308093.3725,70671.10375,635089.8325,400285567448.61536,307094.28846153844,89026.19110576923,632494.3557692308
185,0.001,400012730695.68,306689.0925,62290.2496875,632394.2325,400166470892.3077,307059.64182692306,89032.17548076923,632400.2740384615
186,0.001,404289291550.72,308409.39375,68196.98375,635746.9775,400243316893.53845,307085.0625,89028.15264423077,632460.9903846154
187,0.001,401330183864.32,307208.1025,66998.515,633420.15,400346866294.1539,307120.11298076925,89024.14302884616,632542.7692307692
188,0.001,400560902635.52,306926.4375,62218.5965625,632825.405,400197555121.2308,307073.4278846154,89023.88581730769,632424.6201923077
189,0.001,400312272158.72,306827.205,69005.23125,632595.02,400140932017.2308,307052.13221153844,89015.66346153847,632379.3942307692
190,0.001,399682096332.8,306568.6725,66120.3378125,632106.745,399948422537.8461,307000.73317307694,89036.39182692308,632227.875
191,0.001,401205685125.12,307177.9875,64894.1903125,633321.565,399779679940.9231,306940.5576923077,89044.12620192308,632094.5240384615
192,0.001,400700140421.12,306972.075,63434.506875,632912.57,399676879163.0769,306905.0625,89032.77163461539,632012.5336538461
193,0.001,402112092569.6,307547.42125,72538.306875,634032.5875,399678532686.7692,306917.17307692306,89036.26201923077,632014.0625
194,0.001,400270863892.48,306828.0825,70939.5834375,632553.585,399640962914.46155,306892.1538461539,89016.39302884616,631983.3413461539
195,0.001,402398714265.6,307686.3925,61567.285625,634280.755,399517299003.0769,306853.9326923077,89010.14302884616,631885.0576923077
196,0.001,403125546516.48,307988.73875,68369.13,634814.1675,399680821405.53845,306902.3798076923,88986.63942307692,632013.7692307692
197,0.001,400083898859.52,306737.4075,64781.14625,632430.105,399729955761.2308,306926.875,89007.41826923077,632053.6201923077
198,0.001,401814931374.08,307452.4175,61871.6615625,633824.68,399745112221.53845,306939.55528846156,89018.14302884616,632066.0432692308
199,0.001,399655912079.36,306552.825,71108.4425,632073.3925,399677305147.0769,306910.125,89003.23557692308,632011.6682692308
200,0.001,403230438195.2,308046.4925,63060.46875,634902.1725,399591798311.38464,306875.71153846156,88990.94230769231,631943.4086538461
201,0.001,402759183237.12,307831.24625,63008.594375,634542.3425,399596433723.0769,306880.0288461539,88972.06730769231,631946.2980769231
202,0.001,401888663306.24,307456.3025,71985.65,633851.38,399625960211.6923,306887.0,88968.09254807692,631969.5480769231
203,0.001,401218950922.24,307232.96,74510.9653125,633301.17,399596325336.61536,306872.5048076923,88949.89783653847,631945.2451923077
204,0.001,402420875919.36,307704.85,64243.4953125,634264.2625,399546737270.1539,306858.30528846156,88951.50480769231,631906.0336538461
205,0.001,399137818542.08,306341.76,68722.1525,631655.4825,399509724553.8461,306849.04807692306,88967.73677884616,631877.4519230769
206,0.001,401819660451.84,307457.29875,61675.65875,633823.275,399421392108.3077,306832.1658653846,89004.44230769231,631808.9855769231
207,0.001,399867192279.04,306675.49625,65572.7478125,632248.225,399336170102.1539,306799.4663461539,88988.64543269231,631740.7163461539
208,0.001,403752061501.44,308228.69,63939.38625,635306.0325,399340185442.46155,306800.63942307694,88981.27524038461,631743.5336538461
209,0.001,399027877969.92,306330.0675,72356.4271875,631561.3725,399287318055.38464,306781.7596153846,88977.36177884616,631701.4278846154
210,0.001,400429198868.48,306925.8225,71125.265625,632695.92,399161730914.46155,306742.6466346154,88985.34254807692,631602.1778846154
211,0.001,400736965099.52,307028.36,67358.1515625,632937.3325,399003211933.53845,306695.76923076925,88996.33653846153,631476.8173076923
212,0.001,401829341429.76,307488.6,67558.7015625,633806.4775,398980904487.38464,306692.20432692306,88995.63822115384,631459.0480769231
213,0.001,401291832197.12,307266.4075,63052.6540625,633393.2475,398950689870.7692,306676.82451923075,88983.82091346153,631434.6009615385
214,0.001,400855823810.56,307055.75625,70262.009375,633007.1125,398887472836.9231,306649.875,88965.74759615384,631383.6105769231
215,0.001,399266671493.12,306435.7325,73050.220625,631743.4425,398783711704.61536,306615.80048076925,88970.10817307692,631301.3365384615
216,0.001,400870535331.84,307116.7375,67433.599375,633037.3075,398651132376.61536,306579.27403846156,88999.40745192308,631197.3173076923
217,0.001,401127285719.04,307198.9025,69009.654375,633243.6775,398593243923.6923,306572.1298076923,88998.39903846153,631151.2355769231
218,0.001,398667256954.88,306198.9075,71750.8990625,631308.1875,398460709966.7692,306523.70673076925,89011.20432692308,631046.3557692308
219,0.001,400759261757.44,307057.8325,62907.691875,632966.95,398407794688.0,306503.35576923075,89005.47836538461,631003.9471153846
220,0.001,402347908136.96,307712.24,62131.7971875,634245.26,398462928108.3077,306522.88942307694,88987.48557692308,631047.0432692308
221,0.001,401587385139.2,307387.17,66347.3825,633583.0825,398523629568.0,306529.1586538461,88932.97956730769,631092.9567307692
222,0.001,402683867955.2,307812.72875,72271.5203125,634478.1225,398496916086.1539,306515.46153846156,88920.75360576923,631071.2307692308
223,0.001,402658654945.28,307809.085,65227.53625,634460.9225,398511124795.0769,306514.8798076923,88889.96875,631081.0673076923
224,0.001,401822234705.92,307476.67125,69590.46125,633796.635,398530460435.6923,306513.7860576923,88859.85817307692,631095.2259615385
225,0.001,403087977349.12,307971.6725,71909.754375,634787.495,398518366523.0769,306511.1875,88838.85576923077,631084.6490384615
226,0.001,401241244958.72,307184.4775,65263.214375,633317.4125,398537593777.2308,306517.73076923075,88841.66225961539,631100.0769230769
227,0.001,400124747448.32,306743.6525,70902.4459375,632424.365,398479566690.46155,306498.78125,88852.04326923077,631054.4903846154
228,0.001,401662387159.04,307415.1475,62039.9359375,633697.55,398343728206.7692,306470.5096153846,88892.625,630948.3269230769
229,0.001,401652260536.32,307373.7125,65007.6128125,633648.53,398366015488.0,306472.25,88863.09375,630964.7884615385
230,0.001,400402627952.64,306885.13,72053.589375,632691.945,398258980076.3077,306431.0096153846,88846.18028846153,630878.9519230769
231,0.001,403167112069.12,307990.3775,62472.9125,634867.405,398234552792.61536,306422.6466346154,88839.64543269231,630859.2884615385
232,0.001,403529070018.56,308152.40875,61764.7446875,635156.2175,398317765868.3077,306435.09375,88811.41225961539,630924.2548076923
233,0.001,398387259637.76,306039.42,67401.7321875,631079.3275,398354740775.38464,306450.4375,88813.80889423077,630953.7644230769
234,0.001,401539045785.6,307309.35,61689.8465625,633593.26,398309125198.7692,306446.73076923075,88855.66706730769,630919.4423076923
235,0.001,401634425569.28,307409.975,62352.995625,633655.8375,398341510065.2308,306454.5,88852.43149038461,630945.0961538461
236,0.001,402389569372.16,307694.9875,69037.563125,634224.4425,398331470454.1539,306450.69471153844,88847.87139423077,630936.9711538461
237,0.001,400303228190.72,306840.39,61755.609375,632616.3025,398202787997.53845,306405.3076923077,88835.07451923077,630834.0673076923
238,0.001,402095241953.28,307570.68125,61646.1075,634043.6475,398162001920.0,306405.91346153844,88839.62980769231,630801.8557692308
239,0.001,402112269516.8,307592.50375,61901.2346875,634036.8075,398228261336.61536,306415.8028846154,88799.52884615384,630852.7596153846
240,0.001,402739823902.72,307828.2175,67797.5475,634502.195,398229456108.3077,306401.1201923077,88752.36658653847,630851.4759615385
241,0.001,402025422520.32,307554.4875,65640.518125,633947.06,398233385747.6923,306413.67548076925,88779.30168269231,630856.0240384615
242,0.001,403344132669.44,308060.555,62089.8303125,635018.5375,398301301208.61536,306431.23557692306,88765.22355769231,630909.2980769231
243,0.001,404870450380.8,308702.2525,61912.34375,636218.3525,398515740041.8461,306496.33653846156,88739.78725961539,631078.8557692308
244,0.001,402605966622.72,307776.73,67721.8759375,634408.87,398709116612.9231,306560.57451923075,88716.21153846153,631231.6442307692
245,0.001,401564250931.2,307321.11125,71134.83375,633536.69,398742713895.38464,306571.75,88727.76081730769,631258.9615384615
246,0.001,400652371230.72,306958.85,66396.9703125,632875.485,398671937536.0,306559.5048076923,88766.62259615384,631204.4615384615
247,0.001,403626972938.24,308192.51125,66655.9346875,635209.11,398665240260.9231,306568.58653846156,88777.56971153847,631199.6538461539
248,0.001,401689068175.36,307438.24875,65468.8603125,633691.9,398727806976.0,306601.3798076923,88793.79567307692,631250.1346153846
249,0.001,400349310484.48,306884.00125,64606.0471875,632645.035,398666881181.53845,306577.63942307694,88815.72596153847,631202.6923076923
250,0.001,402917886525.44,307936.07625,61797.81375,634688.9925,398627110912.0,306556.44951923075,88816.87139423077,631171.2548076923
251,0.001,403534411202.56,308167.8125,68132.904375,635110.665,398687701464.61536,306577.4903846154,88793.13701923077,631218.3798076923
252,0.001,403034920714.24,307957.87125,61680.9096875,634784.7,398771650560.0,306606.45673076925,88802.29086538461,631285.5432692308
253,0.001,401894553681.92,307476.91625,70876.619375,633801.865,398870962806.1539,306638.3846153846,88797.96754807692,631364.3605769231
254,0.001,402680369643.52,307782.3825,63540.26625,634474.895,398895203564.3077,306656.1201923077,88824.96274038461,631384.7355769231
255,0.001,402416182231.04,307716.87,62148.891875,634289.9225,398900638011.0769,306657.9326923077,88833.58653846153,631389.4807692308
256,0.001,400898310799.36,307121.09875,65227.8675,633050.2025,398906818560.0,306658.78846153844,88824.14423076923,631394.0288461539
257,0.001,400800780124.16,307080.2175,64704.5296875,632990.9,398866400492.3077,306651.36778846156,88849.13581730769,631363.2451923077
258,0.001,401187240673.28,307223.6175,61593.23875,633328.34,398824056674.46155,306640.45192307694,88854.92668269231,631329.8509615385
259,0.001,402920791080.96,307927.41625,61689.4490625,634679.7725,398866564332.3077,306662.41826923075,88867.82331730769,631364.2644230769
260,0.001,402205101260.8,307654.4325,62097.7859375,634129.27,399032879576.61536,306713.8173076923,88851.17908653847,631495.5384615385
261,0.001,402186793123.84,307622.8025,67819.5934375,634049.98,399116067446.1539,306738.8774038461,88830.74278846153,631560.6490384615
262,0.001,401294036828.16,307287.2875,70755.8184375,633341.0475,399151726592.0,306754.94951923075,88856.28605769231,631590.0336538461
263,0.001,401676322734.08,307448.45,67191.5259375,633683.9275,399131901952.0,306756.2788461539,88898.43629807692,631576.3461538461
264,0.001,402402432778.24,307724.345,62534.905625,634263.5525,399187247104.0,306777.60576923075,88902.36057692308,631620.4903846154
265,0.001,403441542758.4,308130.67875,62459.86375,635085.1625,399322170604.3077,306826.6826923077,88915.76923076923,631728.1105769231
266,0.001,401453706117.12,307357.13625,66030.1590625,633497.435,399487780076.3077,306884.44471153844,88913.05889423077,631859.3509615385
267,0.001,399881486991.36,306729.535,70344.7509375,632244.905,399515622793.8461,306922.33653846156,88947.07331730769,631882.9086538461
268,0.001,402627745546.24,307832.5825,63126.0678125,634429.1625,399498941361.2308,306900.0961538461,88967.89903846153,631870.6778846154
269,0.001,401500400517.12,307405.0625,62756.8796875,633558.2675,399494404253.53845,306898.42067307694,88971.27043269231,631867.2980769231
270,0.001,404162343075.84,308450.8975,63064.634375,635643.5925,399572041728.0,306931.11057692306,88964.921875,631928.6394230769
271,0.001,401799800422.4,307466.50875,63382.751875,633789.245,399640380652.3077,306942.9278846154,88946.96514423077,631981.9663461539
272,0.001,401613667696.64,307443.7675,67391.2084375,633611.86,399646392320.0,306945.8173076923,88939.66466346153,631986.4326923077
273,0.001,399200777666.56,306433.545,62935.9175,631738.075,399582237617.2308,306933.17067307694,88974.63581730769,631937.1875
274,0.001,400277072773.12,306915.425,65057.0134375,632587.45,399434680792.61536,306893.64903846156,89004.88701923077,631821.5384615385
275,0.001,403034583859.2,308040.4625,77180.325,634721.0,399573148278.1539,306943.01923076925,88997.48557692308,631930.9567307692
276,0.001,400867928309.76,307146.105,68890.4003125,633026.2725,399585980731.0769,306955.1778846154,89015.97355769231,631941.9375
277,0.001,403338098114.56,308162.085,61642.8725,635021.675,399657835913.8461,306978.2211538461,89028.27524038461,631999.3846153846
278,0.001,402685233725.44,307872.82,65149.823125,634488.59,399699975561.8461,306987.5528846154,88997.63221153847,632031.4182692308
279,0.001,403387056128.0,308156.4375,61684.21375,635043.4075,399803025880.61536,307017.45192307694,88981.14903846153,632112.4375
280,0.001,401048828641.28,307214.42125,75871.6353125,633177.265,399908533799.38464,307045.4423076923,88966.59735576923,632195.3413461539
281,0.001,400480877936.64,306973.72125,73042.595625,632748.5375,399759351177.8461,306999.5,88982.36177884616,632077.9038461539
282,0.001,402710729850.88,307889.075,66534.61375,634482.865,399777781917.53845,307009.04326923075,88986.92067307692,632092.6875
283,0.001,401496961187.84,307430.6425,62161.001875,633578.0075,399747589986.46155,307009.16826923075,89007.01923076923,632069.7115384615
284,0.001,403277149634.56,308121.425,63977.6040625,634951.9975,400007843524.9231,307087.0913461539,89001.09615384616,632275.5865384615
285,0.001,401671964590.08,307475.45,74317.8521875,633655.1375,400098789848.61536,307116.08653846156,89001.62980769231,632347.6634615385
286,0.001,402970547322.88,307974.0675,62448.5234375,634719.98,400185355342.7692,307151.76923076925,89015.95793269231,632416.8173076923
287,0.001,400935754137.6,307192.33625,64289.1071875,633095.95,400301228032.0,307189.5600961539,89023.15024038461,632508.8509615385
288,0.001,401949734993.92,307603.3025,61405.4896875,633917.47,400318973164.3077,307200.03846153844,89038.46634615384,632523.5048076923
289,0.001,400597982904.32,307017.49,65524.841875,632830.4175,400450640029.53845,307249.8653846154,89059.02043269231,632628.4759615385
290,0.001,399754880614.4,306712.67625,67150.9065625,632184.4825,400442745462.1539,307263.60096153844,89089.71394230769,632623.6394230769
291,0.001,401464501207.04,307390.57375,66492.759375,633514.9875,400362332790.1539,307236.9278846154,89100.67668269231,632560.4615384615
292,0.001,402148716707.84,307691.0,66553.329375,634064.82,400320319172.9231,307234.7596153846,89107.27764423077,632527.5288461539
293,0.001,400608783237.12,307084.8825,61853.8946875,632872.1525,400214425600.0,307195.57692307694,89106.72596153847,632443.8173076923
294,0.001,402133592309.76,307685.5675,61903.6515625,634072.4225,400202707259.0769,307185.57451923075,89101.05168269231,632434.2211538461
295,0.001,399004399042.56,306411.26,68897.9821875,631585.835,400013371234.46155,307116.3701923077,89084.33774038461,632283.7307692308
296,0.001,402928365731.84,308001.73875,62598.16875,634689.785,399972867465.8461,307106.5961538461,89082.43028846153,632251.6394230769
297,0.001,401087738675.2,307242.94125,67036.7475,633222.505,400013938372.9231,307124.13221153844,89067.64543269231,632283.4086538461
298,0.001,400448044400.64,307009.20625,64630.4878125,632713.1775,399987507200.0,307115.83173076925,89078.09375,632263.0576923077
299,0.001,401327650242.56,307360.205,66560.8803125,633408.0925,399949060253.53845,307099.0600961539,89085.74639423077,632232.9278846154
300,0.001,401525686927.36,307435.78,67808.2596875,633569.24,400028467200.0,307131.4975961539,89103.5625,632296.5817307692
301,0.001,402354309693.44,307787.36,67744.0834375,634210.7475,400133581902.7692,307165.2211538461,89102.64182692308,632379.7211538461
302,0.001,400446264442.88,307024.0825,69421.2903125,632701.1575,400170491273.8461,307179.0528846154,89109.83052884616,632409.1923076923
303,0.001,403425368473.6,308220.5425,64718.8196875,635072.09,400320321693.53845,307234.5721153846,89119.45673076923,632528.1730769231
304,0.001,401015402659.84,307225.6425,63566.0946875,633178.505,400398463291.0769,307258.82451923075,89115.47836538461,632589.8701923077
305,0.001,402258687426.56,307725.9825,62382.843125,634164.965,400444938397.53845,307275.3653846154,89113.63100961539,632626.5673076923
306,0.001,401405451960.32,307399.48875,75684.1809375,633458.115,400562394033.2308,307315.1826923077,89113.51923076923,632719.4182692308
307,0.001,401769779691.52,307550.76,65524.8603125,633773.7575,400566542966.1539,307314.82692307694,89116.45192307692,632722.8221153846
308,0.001,402769147330.56,307943.65,69589.4121875,634548.485,400657756475.0769,307351.1033653846,89106.25240384616,632794.4807692308
309,0.001,401807373762.56,307562.1975,70358.5009375,633799.12,400682521521.2308,307351.25,89107.83774038461,632814.1490384615
310,0.001,402846876958.72,307992.8175,71496.208125,634606.7125,400852879832.61536,307406.17307692306,89110.36298076923,632948.9423076923
311,0.001,401894980976.64,307588.365,67877.2625,633863.74,400919086316.3077,307430.23317307694,89119.74759615384,633001.6538461539
312,0.001,401855483740.16,307561.95875,72426.6453125,633844.36,400994876179.6923,307480.375,89126.27043269231,633061.8125
313,0.001,401022966824.96,307228.56875,65751.4296875,633174.1,400986084273.2308,307462.7548076923,89136.77283653847,633055.2740384615
314,0.001,400778347151.36,307150.35625,74648.774375,632970.44,400892788736.0,307427.6201923077,89141.14903846153,632981.8365384615
315,0.001,401499421409.28,307437.42,63227.1034375,633562.2675,400925148396.3077,307453.21153846156,89163.52163461539,633008.4278846154
316,0.001,400780352552.96,307170.5375,64642.60625,632990.1275,400877178564.9231,307442.14903846156,89172.22596153847,632970.9134615385
317,0.001,403273318400.0,308172.6125,64851.3128125,634939.71,401015091515.0769,307475.5961538461,89167.48557692308,633079.6442307692
318,0.001,401191023411.2,307319.18375,71112.1403125,633298.9525,401036224354.46155,307486.5096153846,89174.81971153847,633096.6490384615
319,0.001,401762484224.0,307533.94,61680.8565625,633765.375,401030966350.7692,307489.04326923075,89185.29086538461,633092.9951923077
320,0.001,402514089082.88,307870.445,62874.8328125,634360.6675,401163167586.46155,307530.9471153846,89180.93629807692,633197.1490384615
321,0.001,401535137218.56,307427.795,61281.23625,633597.675,401182810742.1539,307538.03125,89179.35697115384,633212.625
322,0.001,401234688737.28,307330.38375,62702.8403125,633339.685,401213768940.3077,307549.6538461539,89182.78004807692,633237.2067307692
323,0.001,402546902958.08,307864.3625,67944.39375,634380.8325,401176375611.0769,307537.8461538461,89177.578125,633207.5
324,0.001,401242414120.96,307328.5175,61513.035625,633371.765,401216360132.9231,307551.8076923077,89178.16706730769,633239.1346153846
325,0.001,402180778229.76,307737.17875,68078.956875,634086.0275,401244366690.46155,307555.0841346154,89165.78725961539,633260.7259615385
326,0.001,400899833856.0,307216.42375,65709.0340625,633083.75,401163104571.0769,307528.7788461539,89165.46995192308,633196.6105769231
327,0.001,402198804561.92,307718.3425,61886.364375,634125.4225,401047693154.46155,307492.60096153844,89158.18509615384,633105.1875
328,0.001,402081474150.4,307687.1975,62611.275,634019.535,401101578870.1539,307510.10096153844,89148.51923076923,633147.3076923077
329,0.001,402592457031.68,307873.015,61292.3740625,634413.84,400985625521.2308,307466.3966346154,89121.47836538461,633054.5288461539
330,0.001,402438712197.12,307825.31375,61699.67375,634301.13,401093039025.2308,307500.31971153844,89119.640625,633139.3605769231
331,0.001,400574614077.44,307080.2625,63886.716875,632830.86,401192467219.6923,307537.05528846156,89139.69350961539,633218.6875
332,0.001,401111098327.04,307294.955,73243.8028125,633237.93,401187884740.9231,307545.4903846154,89144.87860576923,633215.2884615385
333,0.001,401931649679.36,307606.0725,73912.5528125,633899.28,401046614331.0769,307490.48798076925,89153.35336538461,633104.2788461539
334,0.001,401647835545.6,307518.18125,62027.389375,633686.36,401069214168.61536,307497.11778846156,89153.87620192308,633122.1538461539
335,0.001,400998368542.72,307243.1475,62028.854375,633167.9875,401123987140.9231,307517.5360576923,89164.07572115384,633165.8221153846
336,0.001,400624968007.68,307116.12125,76712.4659375,632852.65,401010534242.46155,307487.4471153846,89166.62139423077,633076.375
337,0.001,402305864171.52,307760.09875,63454.3115625,634189.185,400897567822.7692,307450.19471153844,89165.29447115384,632987.1057692308
338,0.001,403402208051.2,308228.875,69772.070625,635051.985,401049276100.9231,307506.2836538461,89168.03485576923,633107.1442307692
339,0.001,400638439587.84,307110.4225,62366.029375,632888.875,401007630493.53845,307487.15625,89163.34014423077,633074.125
340,0.001,402053757665.28,307670.1975,61469.1034375,633997.8075,401123011662.7692,307522.17548076925,89175.17548076923,633165.7067307692
341,0.001,401751748116.48,307556.64,61910.58625,633747.9,401203406690.46155,307548.51442307694,89174.78846153847,633229.1346153846
342,0.001,401173242183.68,307304.32,68602.381875,633291.8075,401150524179.6923,307530.5048076923,89177.53125,633187.5480769231
343,0.001,402350553169.92,307803.9325,61644.3546875,634226.63,401064742596.9231,307510.86057692306,89165.77884615384,633119.3894230769
344,0.001,400742488473.6,307152.30625,73161.486875,632966.7175,400845035677.53845,307442.7524038461,89156.88100961539,632945.4903846154
345,0.001,401322766499.84,307393.38375,71212.005625,633414.08,400739263094.1539,307404.79326923075,89151.51201923077,632861.6778846154
346,0.001,400824606392.32,307184.7025,68270.0371875,633005.35,400643038601.8461,307361.8149038461,89151.89783653847,632785.6490384615
347,0.001,402646765404.16,307917.8825,72848.6978125,634435.1375,400614676637.53845,307356.71875,89147.61658653847,632763.1057692308
348,0.001,400680676229.12,307165.23,65635.2484375,632912.9475,400587580022.1539,307346.8653846154,89155.50360576923,632742.0
349,0.001,400974631403.52,307251.4575,67931.2246875,633126.4275,400572017742.7692,307343.31971153844,89155.38822115384,632729.6009615385
350,0.001,401118420008.96,307295.34375,65261.2709375,633258.1125,400477580366.7692,307316.6201923077,89162.74879807692,632655.25
351,0.001,401572140154.88,307507.805,67724.075625,633614.3625,400354208846.7692,307274.6875,89153.30288461539,632557.2596153846
352,0.001,402519794647.04,307871.46875,75235.6628125,634334.2875,400334974030.7692,307265.48076923075,89140.10456730769,632541.4663461539
353,0.001,401079242588.16,307303.67375,62332.9775,633237.8,400208504674.46155,307227.8653846154,89141.12740384616,632441.4951923077
354,0.001,400287150899.2,306970.35375,61552.633125,632611.88,400140143064.61536,307197.375,89131.84855769231,632387.0432692308
355,0.001,401160958115.84,307322.665,69480.2690625,633281.1225,400212149484.3077,307225.1610576923,89134.23677884616,632444.1394230769
356,0.001,401678320271.36,307552.7125,61796.951875,633716.4075,400192120674.46155,307220.4014423077,89139.70552884616,632428.5
357,0.001,401869547765.76,307609.18,67539.87125,633832.885,400273173582.7692,307250.6586538461,89120.46394230769,632491.8125
358,0.001,401967171502.08,307650.165,70079.688125,633894.9825,400309654449.2308,307254.29326923075,89119.88581730769,632520.6538461539
359,0.001,401101022822.4,307333.525,66328.6871875,633226.2725,400321549233.2308,307262.8125,89128.61658653847,632530.4278846154
360,0.001,402307246981.12,307782.995,65632.039375,634186.2125,400317165883.0769,307256.23076923075,89123.44471153847,632526.7692307692
361,0.001,402060384665.6,307710.54375,61373.4309375,634010.12,400340237075.6923,307259.3846153846,89113.98918269231,632544.6682692308
362,0.001,400920181473.28,307201.8975,68588.873125,633083.3875,400413760905.8461,307285.75721153844,89112.11538461539,632602.7596153846
363,0.001,402164660305.92,307735.005,69993.1746875,634076.7875,400435723027.6923,307294.7403846154,89118.07451923077,632620.4423076923
364,0.001,402170023772.16,307722.745,62524.4609375,634089.0925,400592941371.0769,307348.20192307694,89122.98798076923,632744.9615384615
365,0.001,402644672184.32,307939.05,62163.6040625,634464.64,400646728782.7692,307377.7548076923,89112.72355769231,632787.0432692308
366,0.001,401861789614.08,307638.52625,64816.4925,633839.9975,400751820800.0,307400.3798076923,89109.08173076923,632869.9182692308
367,0.001,401930591928.32,307636.0675,63835.0021875,633880.895,400842424320.0,307434.8846153846,89120.32572115384,632942.0721153846
368,0.001,400968838021.12,307196.735,66459.65875,633126.6025,400862115367.38464,307437.94471153844,89132.97716346153,632958.2163461539
369,0.001,400694716661.76,307138.245,67695.94,632909.855,400972054528.0,307485.33653846156,89163.35096153847,633046.2788461539
370,0.001,401482068787.2,307453.005,67261.48375,633543.7875,400978716514.46155,307492.45192307694,89191.67307692308,633052.6875
371,0.001,402235992309.76,307772.4225,65080.7615625,634135.57,401148457275.0769,307551.2596153846,89196.26322115384,633186.8798076923
372,0.001,401219036119.04,307398.3275,65395.405625,633332.52,401285145206.1539,307596.04326923075,89216.71274038461,633295.6826923077
373,0.001,400720050257.92,307162.80625,64836.4903125,632932.605,401460655655.38464,307664.34375,89242.72115384616,633435.1201923077
374,0.001,401634227650.56,307504.8075,69288.5659375,633668.1825,401531353875.6923,307690.4423076923,89257.50961538461,633491.4423076923
375,0.001,401858592768.0,307616.21375,61940.8640625,633847.765,401567930525.53845,307702.7403846154,89260.55649038461,633520.4278846154
376,0.001,402998860185.6,308090.85,67228.2325,634738.7675,401711204824.61536,307765.70432692306,89254.36057692308,633633.2067307692
377,0.001,400359004569.6,307013.8625,62162.250625,632647.6575,401834599030.1539,307801.23076923075,89259.08173076923,633730.6730769231
378,0.001,402073924403.2,307698.8,70683.266875,634009.495,401973840344.61536,307848.48798076925,89279.44230769231,633841.2115384615
379,0.001,401151869583.36,307347.395,69900.6475,633268.545,402029704743.38464,307865.92307692306,89285.26201923077,633885.4615384615
380,0.001,401547317739.52,307503.79125,69950.784375,633594.32,401898526877.53845,307816.07692307694,89283.44711538461,633782.0288461539
381,0.001,402462101995.52,307866.6075,62495.499375,634310.24,401732937570.46155,307760.89423076925,89265.22956730769,633650.8221153846
382,0.001,400906033561.6,307218.67875,65199.648125,633089.5875,401791478862.7692,307784.28846153844,89276.03485576923,633697.3990384615
383,0.001,401736862269.44,307546.76,64841.6915625,633748.3125,401777265112.61536,307780.71875,89282.13221153847,633686.4567307692
384,0.001,401096257044.48,307302.5525,61512.340625,633252.585,401816523697.2308,307791.3846153846,89287.90264423077,633717.625
385,0.001,402098914590.72,307741.6025,70469.4046875,634023.73,401910358646.1539,307821.76442307694,89284.37019230769,633791.4711538461
386,0.001,401407790284.8,307423.7425,70726.915625,633485.7525,401791466259.6923,307782.72596153844,89277.74639423077,633697.5432692308
387,0.001,400273157652.48,306977.64,62958.330625,632582.1125,401645976339.6923,307751.01442307694,89275.44230769231,633582.7451923077
388,0.001,401153802895.36,307364.1825,63621.9225,633284.4825,401539326582.1539,307718.73076923075,89289.35576923077,633499.3173076923
389,0.001,400940139806.72,307278.96125,69559.264375,633118.5275,401532503276.3077,307709.9591346154,89297.296875,633494.3076923077
390,0.001,402035255541.76,307721.98375,61945.3878125,633996.1075,401528588760.61536,307703.79567307694,89295.609375,633491.1634615385
391,0.001,401776494510.08,307617.73875,70001.0478125,633779.89,401577864270.7692,307712.1033653846,89264.93870192308,633528.6490384615
392,0.001,400856582717.44,307219.395,63917.1465625,633049.775,401401030498.46155,307653.68028846156,89251.55889423077,633388.6346153846
393,0.001,402101808660.48,307757.92125,61482.334375,634031.1725,401320819475.6923,307625.6971153846,89234.39663461539,633324.6730769231
394,0.001,400374300672.0,307012.06,67817.7128125,632665.15,401152066796.3077,307564.625,89227.08774038461,633191.1875
395,0.001,400721109319.68,307192.92375,72123.595,632948.435,401044978451.6923,307537.1538461539,89226.70192307692,633106.6298076923
396,0.001,402819013672.96,308045.33,62986.161875,634597.9275,401074227672.61536,307540.4110576923,89220.26923076923,633129.4471153846
397,0.001,401578207477.76,307542.79,62456.1321875,633625.785,401109811200.0,307548.20192307694,89213.56370192308,633157.2884615385
398,0.001,402679052369.92,307943.81125,69264.118125,634474.9325,401131947244.3077,307551.1153846154,89195.63461538461,633174.1105769231
399,0.001,400808539586.56,307217.675,61863.6028125,633025.74,401100600871.38464,307545.04326923075,89197.140625,633149.4711538461
400,0.001,401673089187.84,307556.52875,62158.125625,633697.3425,401152843145.8461,307559.0288461539,89195.05889423077,633190.6634615385
401,0.001,400852744929.28,307220.41,64710.4578125,633035.9425,401169025496.61536,307567.53846153844,89204.97475961539,633203.8653846154
402,0.001,401907691028.48,307640.86375,73115.516875,633864.4675,401061768270.7692,307536.3966346154,89200.54326923077,633119.0288461539
403,0.001,402127981117.44,307773.17,65298.66875,634052.93,401128899820.3077,307555.1826923077,89206.79206730769,633172.2836538461
404,0.001,401088189562.88,307341.61,62788.7065625,633237.415,401186589144.61536,307599.9975961539,89210.30408653847,633217.9711538461
405,0.001,401843001753.6,307657.99625,67095.215,633816.835,401133404160.0,307562.96153846156,89200.96634615384,633175.6490384615
406,0.001,400545808384.0,307114.5325,64979.0146875,632795.07,401036577240.61536,307526.1538461539,89205.328125,633099.3509615385
407,0.001,402466804858.88,307865.845,62158.97,634333.5275,401026580480.0,307525.8221153846,89206.06490384616,633091.5384615385
408,0.001,401446925762.56,307498.1225,66646.4053125,633505.835,401069980435.6923,307534.1346153846,89196.23677884616,633125.4326923077
409,0.001,401530059489.28,307521.51625,71035.6746875,633571.985,401101415030.1539,307544.76201923075,89196.19110576923,633150.2836538461
410,0.001,400344913018.88,307028.99875,67433.0925,632635.7525,400957747515.0769,307497.4423076923,89198.20552884616,633036.8653846154
411,0.001,401030238699.52,307300.4825,67040.89125,633189.66,400906591625.8461,307484.06971153844,89207.67427884616,632996.8317307692
412,0.001,401988909793.28,307685.4075,64035.56875,633944.7325,400937668292.9231,307497.25,89208.03004807692,633021.4086538461
413,0.001,401096327823.36,307337.22125,63127.6975,633242.8075,401017891918.7692,307525.4591346154,89213.57451923077,633084.9567307692
414,0.001,400335416852.48,307036.57,65148.1959375,632644.3,401015449442.46155,307530.6201923077,89225.03605769231,633083.5336538461
415,0.001,401070159298.56,307332.5975,61830.439375,633231.64,400899755716.9231,307497.8221153846,89218.99519230769,632991.9759615385
416,0.001,401150438277.12,307379.9275,62224.310625,633296.3075,400924094779.0769,307502.51442307694,89220.01802884616,633011.1971153846
417,0.001,401027576627.2,307308.635,68406.22125,633177.0325,400994871138.46155,307523.73557692306,89216.13701923077,633066.8942307692
418,0.001,401144840192.0,307336.14875,64109.4315625,633281.7925,400896602427.0769,307490.26923076925,89218.34375,632989.4375
419,0.001,401945796280.32,307657.24625,63384.51125,633909.8325,400821959443.6923,307460.1586538461,89202.16466346153,632929.7980769231
420,0.001,400738384609.28,307180.58875,67723.065625,632941.66,400758477745.2308,307437.89423076925,89197.82091346153,632879.4855769231
421,0.001,402000196403.2,307715.71,64918.67875,633953.6725,400712456349.53845,307422.9663461539,89199.77764423077,632843.1971153846
422,0.001,400163763650.56,306939.62375,67304.6515625,632489.715,400556117700.9231,307366.39423076925,89187.85216346153,632719.1538461539
423,0.001,400366349844.48,307064.22875,62884.28875,632662.6375,400477519872.0,307348.7283653846,89216.23918269231,632658.2740384615
424,0.001,400476754411.52,307089.69,62145.4753125,632766.815,400419626377.8461,307332.0576923077,89218.83774038461,632612.6346153846
425,0.001,402891573821.44,308074.07625,65587.9034375,634646.635,400585225767.38464,307382.5625,89204.27884615384,632742.9038461539
426,0.001,401165261209.6,307365.85125,62548.63875,633305.525,400613713762.46155,307403.67307692306,89208.91225961539,632765.6153846154
427,0.001,401505047019.52,307487.92625,68771.6096875,633549.59,400749511916.3077,307444.96875,89202.03245192308,632872.5528846154
428,0.001,400572227256.32,307129.5525,62442.2384375,632838.66,400742834806.1539,307441.1971153846,89215.61418269231,632867.9663461539
429,0.001,400834494464.0,307246.3625,72960.2403125,633046.8775,400726080275.6923,307438.23317307694,89213.28846153847,632854.6394230769
430,0.001,402333560995.84,307848.6275,67939.3046875,634210.755,400631867234.46155,307399.9903846154,89173.53725961539,632778.3365384615
431,0.001,402128892067.84,307747.5925,65647.985,634044.785,400521030734.7692,307354.8653846154,89154.21514423077,632689.9567307692
432,0.001,401168288972.8,307390.16,72534.35625,633304.0725,400346089944.61536,307291.1826923077,89139.50360576923,632551.0384615385
433,0.001,403024390389.76,308123.32375,62090.99625,634753.11,400386828130.46155,307295.97596153844,89120.89302884616,632582.5817307692
434,0.001,400953412157.44,307292.705,61516.0953125,633112.8475,400370408841.8461,307293.01923076925,89119.68629807692,632569.5480769231
435,0.001,401108573880.32,307346.54875,67523.5575,633239.1975,400404492603.0769,307306.73317307694,89125.39903846153,632596.7596153846
436,0.001,402015474155.52,307743.645,68012.6890625,633960.3675,400458890003.6923,307328.98317307694,89135.11298076923,632640.1778846154
437,0.001,401071413657.6,307316.83875,62131.774375,633226.77,400424644923.0769,307318.5961538461,89145.58894230769,632613.5048076923
438,0.001,400384623902.72,307026.14875,63037.84625,632674.55,400468859037.53845,307348.7211538461,89148.56610576923,632648.6538461539
439,0.001,401094764134.4,307375.645,66986.48875,633224.995,400422746899.6923,307347.63221153844,89160.80769230769,632612.7067307692
440,0.001,402034005114.88,307706.37375,61515.205,633983.425,400485104403.6923,307353.45432692306,89165.60697115384,632662.2451923077
441,0.001,401492145602.56,307502.00875,67604.2146875,633551.775,400639499657.8461,307396.9471153846,89171.11899038461,632784.4807692308
442,0.001,401833685155.84,307636.7025,62090.91375,633825.5825,400610016019.6923,307383.48076923075,89162.50721153847,632760.8557692308
443,0.001,402396943482.88,307876.375,65365.67625,634256.9475,400723617634.46155,307422.2211538461,89163.78846153847,632850.7211538461
444,0.001,401697420083.2,307596.2375,62987.9696875,633711.2775,400946525735.38464,307499.4975961539,89176.15745192308,633027.3413461539
445,0.001,401615725527.04,307548.47,73471.61875,633638.18,401150582153.8461,307567.2163461539,89184.65504807692,633188.8221153846
446,0.001,401231105228.8,307384.9425,61512.218125,633345.42,401163059200.0,307576.70673076925,89201.03485576923,633199.3125
447,0.001,401810893045.76,307634.86,61506.3384375,633813.2575,401367085371.0769,307652.4903846154,89221.38942307692,633361.1057692308
448,0.001,401512933621.76,307501.84875,67472.5690625,633566.4875,401507539101.53845,307698.01442307694,89222.98798076923,633471.9615384615
449,0.001,401675167989.76,307577.37625,63529.2740625,633693.355,401581362884.9231,307721.26923076925,89237.01201923077,633530.7355769231
450,0.001,401265891737.6,307437.59125,61226.2990625,633370.22,401771566001.2308,307789.3485576923,89256.37620192308,633681.4375
451,0.001,400516730060.8,307096.1325,62353.2953125,632788.6425,401883640123.0769,307829.1225961539,89279.11658653847,633770.7836538461
452,0.001,400513828126.72,307126.10625,61771.9484375,632789.5475,402030249196.3077,307883.1033653846,89309.5,633887.5961538461
453,0.001,400920906301.44,307287.665,61539.0859375,633090.845,402241990971.0769,307962.11778846156,89334.78725961539,634055.3701923077
454,0.001,401969996103.68,307715.8225,62077.9059375,633936.9475,402398248960.0,308014.2451923077,89356.11899038461,634179.1730769231
455,0.001,401327605678.08,307440.84125,62488.9296875,633413.905,402603056521.8461,308088.4423076923,89369.37740384616,634340.8605769231
456,0.001,402487592878.08,307914.175,65067.433125,634333.04,402743812726.1539,308129.0216346154,89373.40384615384,634451.7403846154
457,0.001,400821898444.8,307241.15375,64737.55125,633004.1425,402752168566.1539,308129.20192307694,89372.41706730769,634458.2644230769
458,0.001,401765962874.88,307602.0625,61373.560625,633751.7175,402772124278.1539,308140.10576923075,89388.35216346153,634474.6538461539
459,0.001,401012530872.32,307309.37125,61443.5359375,633169.97,402833649979.0769,308168.98076923075,89406.984375,634523.8653846154
460,0.001,402233486213.12,307815.565,62281.600625,634143.11,402799843485.53845,308159.04807692306,89405.04807692308,634497.2019230769
461,0.001,402393042780.16,307887.41875,61237.090625,634246.7525,402715942281.8461,308119.9471153846,89372.84495192308,634429.9182692308
462,0.001,400915299041.28,307263.2425,64680.325,633084.35,402713398980.9231,308134.17067307694,89370.99399038461,634427.8509615385
463,0.001,402898852249.6,308098.12,67809.325625,634665.0425,402653380608.0,308102.42307692306,89366.89423076923,634380.5240384615
464,0.001,401224053555.2,307410.3025,68568.735625,633341.2375,402560803446.1539,308065.4014423077,89339.66346153847,634306.6057692308
465,0.001,400129948385.28,306951.475,68823.3334375,632481.1525,402675519172.9231,308122.49278846156,89360.71274038461,634397.7259615385
466,0.001,402028631162.88,307736.1225,68710.3165625,633978.9825,402707841024.0,308121.5649038461,89367.32692307692,634423.3605769231
467,0.001,402798731591.68,308009.09,63054.835625,634580.9125,402552848384.0,308061.3028846154,89346.33413461539,634300.6634615385
468,0.001,402239156387.84,307788.61625,64090.5784375,634137.3,402410622660.9231,308013.48798076925,89325.78605769231,634187.9471153846
469,0.001,401848487116.8,307652.7925,67554.6975,633836.32,402483909553.2308,308039.39182692306,89321.61658653847,634245.4230769231
470,0.001,402615917608.96,307972.865,67842.885625,634419.045,402403086020.9231,308020.61778846156,89300.37139423077,634180.9855769231
471,0.001,401181919150.08,307401.3375,66210.9084375,633306.47,402265175591.38464,307965.3389423077,89298.72475961539,634072.4615384615
472,0.001,400722802769.92,307165.715,68338.4478125,632937.455,402230139037.53845,307956.9423076923,89313.90865384616,634045.5144230769
473,0.001,401180691005.44,307369.1225,63031.994375,633307.4875,402261555987.6923,307978.8461538461,89337.68269230769,634071.2740384615
474,0.001,401003988910.08,307328.82,74632.259375,633170.08,402230764150.1539,307960.35096153844,89347.57572115384,634047.4903846154
475,0.001,400571891712.0,307160.17875,61381.154375,632820.925,402069490136.61536,307912.5673076923,89351.59375,633920.6682692308
476,0.001,401498671677.44,307504.155,61746.2075,633537.2375,402057499569.2308,307908.3413461539,89351.796875,633911.2115384615
477,0.001,401487240888.32,307514.095,62518.9721875,633557.5475,402344685883.0769,308007.35817307694,89389.10336538461,634138.8413461539
478,0.001,400981979299.84,307327.29625,64831.344375,633154.6275,402577651239.38464,308083.2475961539,89398.81610576923,634322.4375
479,0.001,403322414039.04,308272.9075,68161.631875,634992.5375,402586276785.2308,308087.04807692306,89380.62980769231,634328.5528846154
480,0.001,401028785111.04,307319.7275,61565.66375,633158.3275,402617713900.3077,308096.26442307694,89373.49759615384,634353.0144230769
481,0.001,401943569367.04,307689.11375,67730.8575,633911.2225,402704896945.2308,308148.82692307694,89393.22836538461,634422.375
482,0.001,400873858007.04,307299.7275,71254.045,633067.9725,402610283126.1539,308092.2908653846,89380.60096153847,634347.4759615385
483,0.001,402040381767.68,307753.76,63058.0375,633983.675,402585576054.1539,308087.4471153846,89375.30168269231,634327.8317307692
484,0.001,402429881876.48,307909.13875,70186.6025,634289.82,402475697388.3077,308044.54326923075,89346.61899038461,634240.1875
485,0.001,401943817093.12,307733.7925,68870.49625,633907.2,402322880039.38464,307997.30048076925,89322.0625,634118.9567307692
486,0.001,400445765058.56,307097.30625,61758.829375,632729.15,402230340686.7692,307957.09375,89327.48557692308,634046.375
487,0.001,402923949916.16,308107.3175,70310.7321875,634672.47,402124976443.0769,307912.39423076925,89300.52043269231,633962.2788461539
488,0.001,401179520532.48,307391.15125,61406.6790625,633296.71,401971695300.9231,307862.8653846154,89290.14663461539,633841.1875
489,0.001,402039230955.52,307738.96,77852.7440625,633982.2375,402046275268.9231,307893.0961538461,89305.46153846153,633900.6057692308
490,0.001,402274478981.12,307805.0125,66442.2675,634170.3325,402035025762.46155,307890.8798076923,89292.61899038461,633891.2259615385
491,0.001,400373273067.52,307085.585,71483.7253125,632668.835,402099369511.38464,307911.5528846154,89312.59375,633942.7259615385
492,0.001,401751145185.28,307615.965,66062.56125,633754.1675,402074460790.1539,307908.0048076923,89315.19591346153,633923.2115384615
493,0.001,401651074334.72,307587.215,64872.80625,633671.6075,401932661051.0769,307855.9711538461,89304.19230769231,633811.1442307692
494,0.001,401961773957.12,307709.52625,62560.465,633926.3525,401940943793.2308,307857.5673076923,89304.28365384616,633817.6923076923
495,0.001,401056631357.44,307344.8025,69765.7475,633205.5125,402014996952.61536,307882.0721153846,89306.828125,633876.1538461539
496,0.001,401111461396.48,307370.95375,68514.7634375,633254.99,401926475460.9231,307853.72596153844,89308.37740384616,633806.5432692308
497,0.001,400842544906.24,307260.7975,72175.2228125,633042.6125,401995857920.0,307881.91826923075,89327.56490384616,633862.0240384615
498,0.001,401487953920.0,307521.1875,69857.534375,633540.1025,402087084032.0,307923.2235576923,89332.05769230769,633934.0192307692
499,0.001,402588693954.56,307982.435,62151.710625,634415.025,402089105565.53845,307917.66346153844,89318.66586538461,633935.0673076923
500,0.001,401488551608.32,307520.3625,61905.755,633534.89,402126463606.1539,307921.8461538461,89317.79807692308,633964.4663461539
